证券代码,证券简称,转债简称,正股代码,回售触发计算最大时间区间,回售触发计算时间区间,回售触发比例,条件回售起始日期,条件回售截止日期,今天日期与回售截止日较小者,回售条款
100016.SH,民生银行,民生转债(退市),600016.SH,20,20,70,2007/2/27,2008/2/27,2008/2/27,"在民生转债到期日前一年内,如果＂民生银行＂股票(A股)收盘价连续20个交易日低于当期转股价格的70%时,转债持有人有权将持有的全部或部分民生转债以面值的106%(含当期利息)的价格回售予本行。若在该20个交易日内发生过转股价格调整的情形,则在调整前的交易日按调整前的转股价格和收盘价计算,在调整后的交易日按调整后的转股价格和收盘价计算。持有人在回售条件首次满足后可以进行回售,首次不实施回售的,当年不应再行使回售权。如本次发行可转债募集资金投向与本行在募集说明书中承诺相比出现变化,根据中国证监会的相关规定可被视作改变募集资金用途或被中国证监会认定为改变募集资金用途的,持有人有权在发行后第一年以面值的102%、发行后第二年以面值的103%、发行后第三年以面值的104%、发行后第四年以面值的105%、发行后第五年以面值的106%(均含当期利息)向本行附加回售民生转债。持有人在本次附加回售期内未进行附加回售申报的,不应再行使本次附加回售权。"
100087.SH,招商南油,水运转债(退市),601975.SH,20,20,70,2006/8/13,2007/8/12,2007/8/12,在本公司可转债到期日前一年内，如果公司A股股票收盘价连续20个交易日低于当期转股价的70%时，可转债持有人有权将其持有的可转债全部或部分按面值102%(含当年期利息)回售给本公司。可转债持有人每年可按上述约定条件行使回售权一次，但若首次不实施回售的，当年不应再行使回售权。
100096.SH,云天化,云化转债(退市),600096.SH,30,30,80,2005/9/10,2006/9/9,2006/9/9,1、回售条件：可转债持有人可以在下述两种条件中的任何一条件满足时，选择回售：（1）在本次发行的可转换公司债券存续期限内，发行人变更募集资金投向，并经股东大会批准。在这种条件满足时，可转换公司债券持有人可以选择回售，不实施回售的，在本次回售条件下不能再行使回售权；（2）在本次发行的可转换公司债券到期前一年，首次出现在连续30个交易日中，发行人股票收盘价低于当期转股价格的80%的情形。在这种条件满足时，可转换公司债券持有人可以选择回售，不实施回售的，不能再行使回售权。2、回售价格：每张可转债的回售价格为面值的105%（含当年期利息）。
100117.SH,西宁特钢,西钢转债(退市),600117.SH,20,20,80,2008/2/11,2008/8/10,2008/8/10,"在可转换公司债券到期日前半年内,如果西宁特钢A股股票收盘价格连续20个交易日低于当期转股价格达80%,经可转换公司债券持有人申请,可转换公司债券持有人有权将持有的可转换公司债券全部或部分以面值108%(含当年期利息)的价格回售予本公司.投资者在回售条件首次满足后可以进行回售,且只能回售一次.附加回售条件和回售价格:可转债存续期内,如本次募集资金投资项目的实施情况与公司在本募集说明书中的承诺相比发生变化,根据中国证监会的相关规定可被视作改变募集资金用途或被中国证监会认定为改变募集资金用途的,可转债持有人有权在附加回售申报期内以面值102%(含当期利息)的价格向本公司回售可转债.可转债持有人在附加回售申报期内未进行附加回售申报的,视为对该次附加回售权的无条件放弃."
100177.SH,雅戈尔,雅戈转债(退市),600177.SH,15,15,85,2003/10/8,2006/4/3,2006/4/3,"在公司可转债转股期内(自本次可转债发行之日起6个月后至36个月期间内),如果公司股票(A股)收盘价连续15个交易日低于当期转股价格的85%时,可转债持有人有权将持有的全部或部分可转债以面值107%(含当期利息)的价格回售予公司.持有人在上述回售条件首次满足后可以进行回售,首次不实施回售的,当年不应再行使回售权.公司如果改变募集资金用途,将在改变募集资金用途的议案经股东大会批准后,赋予转债持有人一次回售的权利.附加回售条件与附加回售价格:本次发行可转债募集资金投资项目的实施情况与公司在募集说明书中的承诺相比如出现变化,根据中国证监会的相关规定可被视作改变募集资金用途或被中国证监会认定为改变募集资金用途的,持有人有权以面值105%(含当期利息)的价格向公司附加回售可转债.持有人在本次附加回售申报期内未进行附加回售申报的,不应再行使本次附加回售权."
100196.SH,复星医药,复星转债(退市),600196.SH,15,15,80,2004/4/28,2007/10/27,2007/10/27,"(1)在本次复星转债发行后的6个月至48个月内,当公司股票收盘价连续15个交易日低于当期转股价格并达到20%以上的幅度时,则可转债持有人有权将全部或部分未转换股份的公司可转债回售予公司,回售价格为可转债面值的103%(含当期利息)。但在本回售条件首次满足时不行使回售权的,则持有人在该计息年度将不能再行使回售权。(2)本次复星转债的最后一个计息年度内,可转债持有人有权将其持有的剩余可转债的全部或部分回售予公司,回售价格为可转债面值的103%(含当期利息)。(3)公司经股东大会批准改变本次发行可转债募集资金用途时或发生经中国证监会认定为改变募集资金用途时,可转债持有人均享有一次回售的权利。回售价格为公司可转债面值加该计息年度的利息。"
100220.SH,江苏阳光,阳光转债(退市),600220.SH,20,20,70,2004/4/18,2005/4/18,2005/4/18,"回售条件与回售价格：回售条件与回售价格在阳光转债到期日前一年内(2004年4月18日至2005年4月18日)，如果公司A股股票收盘价连续20个交易日低于当期转股价格的70%时，持有人有权将持有的全部或部分阳光转债以面值102%(含当期利息)的价格回售予本公司。持有人在回售条件首次满足后可以进行回售，首次不实施回售的，当年不应再行使回售权。附加回售条件与附加回售价格：本次发行可转债募集资金投资项目的实施情况与公司在本募集说明书中的承诺相比如出现变化,根据中国证监会的相关规定可被视作改变募集资金用途或被中国证监会认定为改变募集资金用途的,持有人有权以面值102%（含当期利息）的价格向本公司附加回售阳光转债。持有人在本次附加回售申报期内未进行附加回售申报的,不应再行使本次附加回售权。"
100236.SH,桂冠电力,桂冠转债(退市),600236.SH,30,20,70,2004/6/30,2008/6/29,2008/6/29,"在转换期限内,如本公司股票收盘价在连续30个交易日内有20个交易日收盘价格均低于当期转股价的70%时,可转债持有人有权将其持有的可转债全部或部分按照满一年,满二年,满三年,满四年分别以可转债面值的103%,104%,105%,106%(含当期利息)回售给本公司.可转债持有人每年可行使一次回售权,在回售条件首次满足后,首次不实施回售的,当年不应再行使回售权."
100567.SH,山鹰国际,山鹰转债(退市),600567.SH,30,20,85,2003/12/16,2008/6/15,2008/6/15,"(1)在公司可转债转股期内(自本次可转债发行之日起6个月后至60个月期间内),当公司股票收盘价连续30个交易日内至少有20个交易日的收盘价低于当期转股价格的85%(含)时,公司可转债持有人有权将持有的全部或部分可转债以面值105%(含当期利息)的价格回售予本公司。山鹰转债持有人在回售条件首次满足后不实施回售的,当年不再行使回售权。若在上述连续交易日内发生过转股价格调整的情形,则在价格调整前的交易日,回售条件按调整前的转股价格和收盘价计算；在价格调整后的交易日,回售条件按调整后的转股价格和收盘价计算。(2)公司经股东大会批准改变本次发行可转债募集资金用途时,山鹰转债持有人享有一次回售的权利,回售价格为可转债面值的105%(含当期利息)。本款所指回售条件是指公司变更募集资金投向的股东大会决议公告。"
100726.SH,华电能源,华电转债(退市),600726.SH,40,30,70,2005/6/3,2008/6/2,2008/6/2,"由本期债券发行日起两年后,如龙电A股连续40个交易日中至少30个交易日的收盘价不高于当日生效转股价格的70%,持有人有权向本公司回售其持有的全部或部分龙电转债,每张龙电转债的回售价格如下:满足回售条件的第一个交易日在发行后第三计息年度内(含该年度付息登记日当日),回售价格(含当年利息)为债券面值的106%;满足回售条件的第一个交易日在发行后第四计息年度内(含该年度付息登记日当日),回售价格(含当年利息)为债券面值的107%;满足回售条件的第一个交易日在发行后第五计息年度内(含该年度付息登记日当日),回售价格(含当年利息)为债券面值的108%;若在该40个交易日内发生过转股价格调整和股价调整(指除权或除息)的情形,则落在调整前的交易日按调整前的转股价格和收盘价计算,落在调整后的交易日(含调整当日)按调整后的转股价格和收盘价计算."
100795.SH,国电电力,国电转债(退市),600795.SH,30,30,90,2004/1/29,2008/7/17,2008/7/17,"(1)自发行之日起满6个月后,在以下情况下,可转债持有人有权将其持有的全部或部分可转债以面值的102%(含当期利息)的价格回售给公司。1、在第一个计息年度的后六个月以及第二个计息年度内,如果公司股票连续30个交易日的收盘价低于当期转股价格70%时；2、在第三、第四个计息年度内,如果公司股票连续30个交易日的收盘价低于当期转股价格的80%时；3、在第五个计息年度内,如果公司股票连续30个交易日的收盘价低于当期转股价格的90%时。可转债持有人在每个计息年度内可在上述约定条件首次满足时行使回售权一次,但若首次不实施回售的,该计息年度将不得再行使回售权。(2)附加回售条件在本次发行的国电转债存续期内,如果本次募集资金投资项目的实施情况与募集说明书中的承诺相比出现变化,根据证监会的相关规定可被视作改变本次募集资金用途或被证监会认定为改变募集资金用途的,国电转债持有人有权以面值的102%的价格(含当期利息)向本公司附加回售其持有的部分或全部国电转债。持有人在该次附加回售申报期内未进行附加回售申报的,不应再行使该次附加回售权。"
110002.SH,南山铝业,南山转债(退市),600219.SH,30,30,70,2012/4/18,2013/4/17,2013/4/17,有条件回售条款:在公司可转债到期日前一年内，如果公司股票收盘价连续30个交易日低于当期转股价格的70%时，可转债持有人有权将其持有的可转债全部或部分按面值的103%(含当期利息)回售给本公司。若在上述交易日内发生过转股价格调整的情形，则在调整前的交易日按调整前的转股价格和收盘价格计算，在调整后的交易日按调整后的转股价格和收盘价格计算。附加回售条款:在本次发行的可转债存续期间内，如果本次发行所募集资金的使用与本公司在募集说明书中的承诺相比出现重大变化，根据中国证监会的相关规定可被视作改变募集资金用途或者被中国证监会认定为改变募集资金用途的，持有人有权按面值的103%(含当期利息)的价格向本公司回售其持有的部分或全部可转换公司债券。持有人在附加回售申报期内未进行附加回售申报的，不应再行使本次附加回售权。
110003.SH,新钢股份,新钢转债(退市),600782.SH,30,30,70,2011/8/21,2013/8/20,2013/8/20,"(1)有条件回售条款在本可转债最后两个计息年度,如果公司股票收盘价连续30个交易日低于当期转股价格的70%时,可转债持有人有权将其持有的可转债全部或部分按面值的104%(含当期计息年度利息)回售给本公司。任一计息年度可转债持有人在回售条件首次满足后可以进行回售,但若首次不实施回售的,则该计息年度不应再行使回售权。若在上述交易日内发生过转股价格调整的情形,则在调整前的交易日按调整前的转股价格和收盘价格计算,在调整后的交易日按调整后的转股价格和收盘价格计算。(2)附加回售条款在本可转债存续期间内,如果本次发行所募集资金的使用与本公司在募集说明书中的承诺相比出现重大变化,根据中国证监会的相关规定可被视作改变募集资金用途或者被中国证监会认定为改变募集资金用途的,持有人有权按面值的104%(含当期利息)的价格向本公司回售其持有的部分或全部可转债。持有人在附加回售申报期内未进行附加回售申报的,不应再行使本次附加回售权。"
110004.SH,厦工股份,厦工转债(退市),600815.SH,30,30,70,2010/2/28,2014/8/28,2014/8/28,(1)有条件回售条款在可转债的转股期间，如果公司股票在任何连续30个交易日的收盘价格低于当期转股价的70%时，可转债持有人有权将其持有的可转债全部或部分按债券面值的103%(含当期利息)的价格回售给公司。若在前述30个交易日内发生过转股价格调整的情形，则在调整前的交易日按调整前的转股价格和收盘价计算；调整后的交易日按调整后的转股价格和收盘价计算。(2)附加回售条款若公司本次发行的可转债募集资金投资项目的实施情况与公司在募集说明书中的承诺情况相比出现变化，根据中国证监会的相关规定被视作改变募集资金用途或被中国证监会认定改变募集资金用途的，可转债持有人享有一次回售的权利。可转债持有人有权按债券面值的103%(含当期利息)的价格向公司回售全部或部分持有的可转换公司债券。持有人在特别回售条件满足后，可以在本公司公告后的特别回售申报期内进行回售，本次特别回售申报期内不实施回售的，不应再行使特别回售权。
110005.SH,大西洋,西洋转债(退市),600558.SH,30,30,70,2010/9/3,2014/9/2,2014/9/2,(1)有条件回售条款在本可转债发行之日起12个月后，如果公司股票收盘价连续30个交易日低于当期转股价格的70%时，可转债持有人有权将其持有的可转债全部或部分按面值的103%(含当期利息)回售给公司。任一计息年度可转债持有人在回售条件首次满足后可以进行回售，但若首次不实施回售的，则该计息年度不应再行使回售权。若在上述交易日内发生过转股价格调整的情形，则在调整前的交易日按调整前的转股价格和收盘价格计算，在调整后的交易日按调整后的转股价格和收盘价格计算。(2)附加回售条款在本可转债存续期间内，如果本次发行所募集资金的使用与公司在募集说明书中的承诺相比出现重大变化，根据中国证监会的相关规定可被视作改变募集资金用途或者被中国证监会认定为改变募集资金用途的，持有人有权按面值的103%(含当期利息)的价格向公司回售其持有的部分或全部可转债。持有人在附加回售申报期内未进行附加回售申报的，不应再行使本次附加回售权。
110006.SH,浙江龙盛,龙盛转债(退市),600352.SH,30,30,70,2012/9/14,2014/9/14,2014/9/14,(1)有条件回售条款在本可转债最后两个计息年度，若公司股票在连续30个交易日的收盘价格低于当期转股价格的70%，可转债持有人有权将其持有的全部或部分可转债按债券面值的105%(含当期利息)回售予公司。任一计息年度可转债持有人在回售条件首次满足后可以进行回售。但若首次不实施回售的，则该计息年度不得再行使回售权。若该30个交易日内发生过调整转股价格的情形，则调整日前按调整前的转股价格计算，调整日后按调整后的转股价格计算。持有人在回售条件首次满足后可以行使回售权，若首次不实施回售，该计息年度内将不再行使回售权。(2)附加回售条款在本次发行的可转债存续期内，如果本次发行所募集资金的使用与本公司在募集说明书中的承诺相比出现重大变化，根据证监会的相关规定可被视作改变募集资金用途或被证监会认定为改变募集资金用途的，持有人有权向本公司回售其持有的部分或全部可转债。持有人在本次附加回售申报期内未进行附加回售申报的，不应再行使本次附加回售权。附加回售价格为可转债面值加上可转债当年利息。
110007.SH,博汇纸业,博汇转债(退市),600966.SH,30,30,70,2012/9/23,2014/9/23,2014/9/23,(1)有条件回售条款在本次发行的可转债最后两个计息年度，如果公司股票收盘价连续30个交易日低于当期转股价格的70%时，可转债持有人有权将其持有的可转债全部或部分按面值的103%(含当期利息)回售给本公司。若在上述交易日内发生过转股价格调整的情形，则在调整前的交易日按调前的转股价格和收盘价格计算，在调整后的交易日按调整后的转股价格和收盘价格计算。(2)附加回售条款在本次发行的可转债存续期间内，如果本次发行所募集资金的使用与本公司在募集说明书中的承诺相比出现重大变化，根据中国证监会的相关规定可被视作改变募集资金用途或者被中国证监会认定为改变募集资金用途的，持有人有权按面值的103%(含当期利息)的价格向本公司回售其持有的部分或全部可转债。持有人在附加回售申报期内未进行附加回售申报的，不应再行使本次附加回售权。
110008.SH,王府井,王府转债(退市),600859.SH,30,30,70,2010/4/26,2015/10/19,2015/10/19,(1)有条件回售条款在本可转债转股期内，如果公司股票收盘价连续30个交易日低于当期转股价格的70%时，可转债持有人有权将其持有的可转债全部或部分按面值的103%(含当期计息年度利息)回售给公司。任一计息年度可转债持有人在回售条件首次满足后可以进行回售，但若首次不实施回售的，则该计息年度不应再行使回售权。若在上述交易日内发生过转股价格调整的情形，则在调整前的交易日按调整前的转股价格和收盘价格计算，在调整后的交易日按调整后的转股价格和收盘价格计算。(2)附加回售条款在本次发行的可转债存续期间内，如果本次发行所募集资金的使用与公司在募集说明书中的承诺相比出现重大变化，根据中国证监会的相关规定可被视作改变募集资金用途或者被中国证监会认定为改变募集资金用途的，持有人有权按面值的103%(含当期利息)的价格向公司回售其持有的部分或全部可转债。持有人在附加回售申报期内未进行附加回售申报的，不应再行使本次附加回售权。
110009.SH,双良节能,双良转债(退市),600481.SH,30,30,70,2010/11/4,2015/5/4,2015/5/4,1、有条件回售条款在转股期间，如果收盘价连续30个交易日低于当期转股价格的70%时，可转债持有人有权将其持有的可转债全部或部分按面值的103%(含当期利息)回售给发行人。若在上述交易日内发生过转股价格调整的情形，则在调整前的交易日按调整前的转股价格和收盘价格计算，在调整后的交易日按调整后的转股价格和收盘价格计算。可转债持有人任一计息年度在回售条件首次满足后可按上述约定条件行使回售权一次，若在一个计息年度内首次满足回售条件而可转债持有人不实施回售的，该计息年度不应再行使回售权。可转债持有人不能多次行使部分回售权。2、附加回售条款本次发行的可转债存续期内，如果本次发行所募集资金的实施情况与发行人在募集说明书中的承诺相比出现变化，根据中国证监会的相关规定被视作改变募集资金用途或者被中国证监会认定为改变募集资金用途的，发行人将赋予债券持有人一次回售的权利，即可转债持有人有权按面值的103%(含当期利息)的价格向发行人回售其持有的部分或全部可转换公司债券。持有人在附加回售条件满足后，可以在发行人公告后的附加回售申报期内进行回售，持有人若在本次附加回售申报期内不实施回售的，不应再行使本次附加回售权。
110010.SH,包钢股份,包钢转债(退市),600010.SH,30,30,70,2005/5/10,2009/11/9,2009/11/9,在钢联转债转股期内，如果本公司股票收盘价格连续30个交易日低于当期转股价的70%，经钢联转债持有人申请，持有人有权将持有的全部或部分钢联转债以面值的108%(含当期利息)的价格回售给公司。若在该30个交易日内发生过转股价格调整的情形，则在调整前的交易日按调整前的转股价格和收盘价计算；调整后的交易日按调整后的转股价格和收盘价计算。钢联转债持有人每年可依照约定的条件行使一次回售权。每年首次满足回售条件时，持有人可回售部分或全部未转股的钢联转债。首次不实施回售的，当年不再行使回售权。附加回售条件与回售价格：钢联转债存续期内，本次募集资金投资项目的实施情况与公司在本募集说明书中的承诺相比如发生变化，根据中国证监会的相关规定可被视作改变募集资金用途或被中国证监会认定为改变募集资金用途的，持有人有权在附加回售申报期内以面值加上当期应计利息的价格向本公司回售钢联转债，转债持有人在附加回售申报期内未进行附加回售申报的，视为对该次附加回售权的无条件放弃。
110011.SH,歌华有线,歌华转债(退市),600037.SH,30,30,70,2015/11/25,2016/11/25,2016/11/25,在本可转债最后一个计息年度，如果发行人股票在任何连续30个交易日的收盘价格低于当期转股价70%时，可转债持有人有权将其持有的可转债全部或部分按债券面值的103%（含当期利息）的价格回售给发行人。若在上述交易日内发生过转股价格因发生送红股、转增股本、增发新股（不包括因本次发行的可转换公司债券转股而增加的股本）、配股以及派发股利等情况而调整的情形，则在调整前的交易日按调整前的转股价格和收盘价格计算，在调整后的交易日按调整后的转股价格和收盘价格计算。如果出现转股价格向下修正的情况，则上述“连续30个交易日”须从转股价格调整之后的第一个交易日起重新计算。最后一个计息年度可转债持有人在回售条件首次满足后可按上述约定条件行使回售权一次，若在首次满足回售条件而可转债持有人未在公司届时公告的回售申报期内申报并实施回售的，该计息年度不应再行使回售权。可转债持有人不能多次行使部分回售权。
110012.SH,宁波海运,海运转债(退市),600798.SH,30,30,70,2013/7/7,2016/1/7,2016/1/7,在本可转债发行之日起30个月后，如果公司股票收盘价连续30个交易日低于当期转股价格的70%时，可转债持有人有权将其持有的可转债全部或部分按面值的103%（含当期计息年度利息）回售给公司。任一计息年度可转债持有人在回售条件首次满足后可以进行回售，但若首次不实施回售的，则该计息年度不应再行使回售权。若在上述交易日内发生过转股价格调整的情形，则在调整前的交易日按调整前的转股价格和收盘价格计算，在调整后的交易日按调整后的转股价格和收盘价格计算。
110013.SH,国投电力,国投转债(退市),600886.SH,30,30,70,2015/1/25,2017/1/25,2017/1/25,在本次可转债最后两个计息年度，如果公司股票在任何连续三十个交易日的收盘价格低于当期转股价的70%时，债券持有人有权将其持有的可转债全部或部分按债券面值加上当期应计利息的价格回售给公司。若在上述交易日内发生过转股价格因发生送红股、转增股本、增发新股（不包括因本次发行的可转换公司债券转股而增加的股本）、配股以及派发现金股利等情况而调整的情形，则在调整前的交易日按调整前的转股价格和收盘价格计算，在调整后的交易日按调整后的转股价格和收盘价格计算。如果出现转股价格向下修正的情况，则上述“连续三十个交易日”须从转股价格调整之后的第一个交易日起重新计算。最后两个计息年度债券持有人在每年回售条件首次满足后可按上述约定条件行使回售权一次，若在首次满足回售条件而债券持有人未在公司届时公告的回售申报期内申报并实施回售的，该计息年度不应再行使回售权。债券持有人不能多次行使部分回售权。
110016.SH,川投能源,川投转债(退市),600674.SH,30,30,70,2015/3/21,2017/3/21,2017/3/21,发行人股票在最后两个计息年度任何连续三十个交易日的收盘价格低于当期转股价格的70%时，可转债持有人有权将其持有的可转债全部或部分按债券面值的103%（含当期利息）的价格回售给发行人。
110017.SH,中远海能,中海转债(退市),600026.SH,30,30,70,2015/8/1,2017/8/1,2017/8/1,在本A股可转债最后两个计息年度，如果公司股票在任何连续三十个交易日的收盘价格低于当期转股价的70%时，A股可转债持有人有权将其持有的A股可转债全部或部分按债券面值加上当期应计利息的价格回售给公司。若在上述交易日内发生过转股价格因发生送红股、转增股本、增发新股（不包括因本次发行的A股可转债转股而增加的股本）、配股以及派发现金股利等情况而调整的情形，则在调整前的交易日按调整前的转股价格和收盘价格计算，在调整后的交易日按调整后的转股价格和收盘价格计算。如果出现转股价格向下修正的情况，则上述“连续三十个交易日”须从转股价格调整之后的第一个交易日起重新计算。最后两个计息年度A股可转债持有人在每年回售条件首次满足后可按上述约定条件行使回售权一次，若在首次满足回售条件而A股可转债持有人未在公司届时公告的回售申报期内申报并实施回售的，该计息年度不应再行使回售权。A股可转债持有人不能多次行使部分回售权。
110018.SH,国电电力,国电转债(退市),600795.SH,30,30,70,2012/8/19,2017/8/19,2017/8/19,自本次可转债第二个计息年度起，如果公司股票在任何连续三十个交易日的收盘价格低于当期转股价格的70%时，可转债持有人有权将其持有的可转债全部或部分按债券面值加上当期应计利息的价格回售给公司。若在上述交易日内发生过转股价格因发生送红股、转增股本、增发新股（不包括因本次可转债转股而增加的股本）、配股以及派发现金股利等情况而调整的情形，则在调整前的交易日按调整前的转股价格和收盘价格计算，调整后的交易日按调整后的转股价格和收盘价格计算。如果出现转股价格向下修正的情况，则上述三十个交易日须从转股价格调整之后的第一个交易日起重新计算。自本次可转债第二个计息年度起，可转债持有人在每年回售条件首次满足后可按上述约定条件行使回售权一次，若在首次满足回售条件而可转债持有人未在公司届时公告的回售申报期内申报并实施回售的，该计息年度不应再行使回售权。可转债持有人不能多次行使部分回售权。
110019.SH,恒丰纸业,恒丰转债(退市),600356.SH,30,30,70,2013/3/23,2017/3/23,2017/3/23,（1）有条件回售条款自本次发行的可转债发行之日起12个月后，如果公司股票收盘价连续30个交易日低于当期转股价格的70%时，可转债持有人有权将其持有的可转债全部或部分按面值的105%(含当期利息)回售给公司。任一计息年度可转债持有人在回售条件首次满足后可以进行回售，但若首次不实施回售的，则该计息年度不应再行使回售权。若在上述交易日内发生过转股价格调整的情形，则在调整前的交易日按调整前的转股价格和收盘价格计算，在调整后的交易日按调整后的转股价格和收盘价格计算。（2）附加回售条款在本次发行的可转债存续期间内，如果本次发行所募集资金的使用与公司在募集说明书中的承诺相比出现重大变化，根据中国证监会的相关规定可被视作改变募集资金用途或者被中国证监会认定为改变募集资金用途的，持有人有权按面值的105%(含当期利息)的价格向公司回售其持有的部分或全部可转债。持有人在附加回售申报期内未进行附加回售申报的，不应再行使本次附加回售权。
110020.SH,南山铝业,南山转债(退市),600219.SH,30,30,70,2016/10/16,2018/10/16,2018/10/16,在本可转债最后两个计息年度，如果公司股票在任何连续三十个交易日的收盘价格低于当期转股价的70%时，可转债持有人有权将其持有的可转债全部或部分按债券面值的104%（含当期利息）回售给公司。若在上述交易日内发生过转股价格因发生送红股、转增股本、增发新股（不包括因本次发行的可转债转股而增加的股本）、配股以及派发现金股利等情况而调整的情形，则在调整前的交易日按调整前的转股价格和收盘价格计算，在调整后的交易日按调整后的转股价格和收盘价格计算。如果出现转股价格向下修正的情况，则上述“连续三十个交易日”须从转股价格调整之后的第一个交易日起重新计算。最后两个计息年度可转债持有人在每年回售条件首次满足后可按上述约定条件行使回售权一次，若在首次满足回售条件而可转债持有人未在公司届时公告的回售申报期内申报并实施回售的，该计息年度不应再行使回售权。可转债持有人不能多次行使部分回售权。
110021.SH,上海电力,上电转债(退市),600021.SH,30,30,70,2008/12/1,2011/12/1,2011/12/1,自本次可转债第三个计息年度开始，如果本公司股票收盘价连续30个交易日低于当期转股价格的70%，可转债持有人有权将持有的全部或部分可转债回售给公司。第三、四、五个计息年度的回售价格分别为104、105、106元(含当年利息)。若该30个交易日内发生过调整转股价格的情形，则调整日前按调整前的转股价格计算，调整日后按调整后的转股价格计算。持有人在回售条件首次满足后可以行使回售权，若首次不实施回售，该计息年度内将不再行使回售权。在本次发行的可转债存续期内，如果本次发行所募集资金的使用与本公司在募集说明书中的承诺相比如出现重大变化，根据证监会的相关规定可被视作改变募集资金用途或被证监会认定为改变募集资金用途的，持有人有权向本公司回售其持有的部分或全部可转债。持有人在本次附加回售申报期内未进行附加回售申报的，不应再行使本次附加回售权。附加回售价格为可转债面值加上可转债当年利息。
110022.SH,同仁堂,同仁转债(退市),600085.SH,30,30,70,2015/12/4,2017/12/4,2017/12/4,公司股票在最后两个计息年度任何连续30个交易日的收盘价格低于当期转股价格的70%时，可转债持有人有权将其持有的可转债全部或部分按债券面值的103%（含当期利息）的价格回售给发行人。若在上述交易日内发生过转股价格因发生送红股、转增股本、增发新股（不包括因本次发行的可转换公司债券转股而增加的股本）、配股以及派发现金股利等情况而调整的情形，则在调整前的交易日按调整前的转股价格和收盘价格计算，在调整后的交易日按调整后的转股价格和收盘价格计算。如果出现转股价格向下修正的情况，则上述“连续30个交易日”须从转股价格调整之后的第一个交易日起重新计算。最后两个计息年度可转债持有人在每年回售条件首次满足后可按上述约定条件行使回售权一次，若在首次满足回售条件而可转债持有人未在公司届时公告的回售申报期内申报并实施回售的，该计息年度不应再行使回售权。可转债持有人不能多次行使部分回售权。
110024.SH,隧道股份,隧道转债(退市),600820.SH,30,30,70,2017/9/13,2019/9/13,2019/9/13,本次发行的可转债最后两个计息年度，如果公司股票收盘价连续30个交易日低于当期转股价格的70%时，可转债持有人有权将其持有的可转债全部或部分按面值的103%（含当期计息年度利息）回售给公司。若在上述交易日内发生过转股价格调整的情形，则在调整前的交易日按调整前的转股价格和收盘价格计算，在调整后的交易日按调整后的转股价格和收盘价格计算。如果出现转股价格向下修正的情况，则上述“连续30个交易日”须从转股价格调整之后的第一个交易日起重新计算。本次发行的可转债最后两个计息年度，可转债持有人在每年回售条件首次满足后可按上述约定条件行使回售权一次，若在首次满足回售条件而可转债持有人未在公司届时公告的回售申报期内申报并实施回售的，该计息年度不应再行使回售权，可转债持有人不能多次行使部分回售权。
110025.SH,国金证券,国金转债(退市),600109.SH,30,30,70,2018/5/14,2020/5/13,2020/5/13,本次发行的可转债最后两个计息年度，如果公司A股股票在任何连续30个交易日的收盘价格低于当期转股价格的70%时，可转债持有人有权将其持有的可转债全部或部分按债券面值加上当期应计利息的价格回售给公司。若在上述交易日内发生过转股价格因发生送红股、转增股本、增发新股（不包括因本次发行的可转债转股而增加的股本）、配股以及派发现金股利等情况而调整的情形，则在调整前的交易日按调整前的转股价格和收盘价格计算，在调整后的交易日按调整后的转股价格和收盘价格计算。如果出现转股价格向下修正的情况，则上述30个交易日须从转股价格调整之后的第一个交易日起重新计算。
110026.SH,中远海能,中海转债(退市),600026.SH,30,30,75,2008/1/2,2012/7/1,2012/7/1,在本期可转债的转股期间，如果本公司A股股票在连续30个交易日的收盘价格低于当期转股价的75%时，可转债持有人有权将其持有的可转债全部或部分按面值的105%(含当期利息)回售给本公司。任一计息年度可转债持有人在回售条件首次满足后可以进行回售，但若首次不实施回售的，则该计息年度不应再行使回售权。若在上述交易日内发生过转股价格调整的情形，则在调整前的交易日按调整前的转股价格和收盘价格计算，在调整后的交易日按调整后的转股价格和收盘价格计算。
110027.SH,东方电气,东方转债(退市),600875.SH,30,30,70,2018/7/10,2020/7/10,2020/7/10,自本可转债最后两个计息年度起，如果公司股票收盘价连续30个交易日低于当期转股价格的70%，可转债持有人有权将其持有的可转债全部或部分按面值的103%（含当期计息年度利息）回售给公司。若在上述交易日内发生过转股价格调整的情形，则在调整前的交易日按调整前的转股价格和收盘价格计算，在调整后的交易日按调整后的转股价格和收盘价格计算。
110028.SH,冠城大通,冠城转债(退市),600067.SH,30,30,70,2016/7/18,2020/7/18,2020/7/18,自本次可转债第三个计息年度起，如果公司股票在任何连续三十个交易日的收盘价格低于当期转股价格的70%，可转债持有人有权将全部或部分其持有的可转债按照103元（含当期应计利息）回售给公司。若在上述交易日内发生过转股价格因发生送红股、转增股本、增发新股（不包括因本次发行的可转债转股而增加的股本）、配股以及派发现金股利等情况而调整的情形，则在调整前的交易日按调整前的转股价格和收盘价格计算，在调整后的交易日按调整后的转股价格和收盘价格计算。如果出现转股价格向下修正的情况，则上述连续三十个交易日须从转股价格调整之后的第一个交易日起重新计算。自本次可转债第三个计息年度起，可转债持有人在每年回售条件首次满足后可按上述约定条件行使回售权一次，若在首次满足回售条件而可转债持有人未在公司届时公告的回售申报期内申报并实施回售的，该计息年度不应再行使回售权，可转债持有人不能多次行使部分回售权。
110029.SH,浙能电力,浙能转债(退市),600023.SH,30,30,70,2018/10/13,2020/10/12,2020/10/12,在本可转债最后两个计息年度，如果公司股票在任何连续三十个交易日的收盘价格低于当期转股价的70%时，可转债持有人有权将其持有的可转债全部或部分按债券面值加上当期应计利息的价格回售给公司。若在上述交易日内发生过转股价格因发生送红股、转增股本、增发新股（不包括因本次发行的可转债转股而增加的股本）、配股以及派发现金股利等情况而调整的情形，则在调整前的交易日按调整前的转股价格和收盘价格计算，在调整后的交易日按调整后的转股价格和收盘价格计算。如果出现转股价格向下修正的情况，则上述“连续三十个交易日”须从转股价格调整之后的第一个交易日起重新计算。最后两个计息年度可转债持有人在每年回售条件首次满足后可按上述约定条件行使回售权一次，若在首次满足回售条件而可转债持有人未在公司届时公告的回售申报期内申报并实施回售的，该计息年度不应再行使回售权。可转债持有人不能多次行使部分回售权。
110030.SH,格力地产,格力转债(退市),600185.SH,30,30,70,2016/12/25,2019/12/25,2019/12/25,自本次可转债第三个计息年度起，如果公司股票在任何连续30个交易日的收盘价格低于当期转股价格的70%，可转债持有人有权将全部或部分其持有的可转债按照103元（含当期应计利息）的价格回售给公司。若在上述交易日内发生过转股价格因发生送红股、转增股本、增发新股（不包括因本次发行的可转债转股而增加的股本）、配股以及派发现金股利等情况而调整的情形，则在调整前的交易日按调整前的转股价格和收盘价格计算，在调整后的交易日按调整后的转股价格和收盘价格计算。如果出现转股价格向下修正的情况，则上述“连续30个交易日”须从转股价格调整之后的第一个交易日起重新计算。自本次可转债第三个计息年度起，可转债持有人在每年回售条件首次满足后可按上述约定条件行使回售权一次，若在首次满足回售条件而可转债持有人未在公司届时公告的回售申报期内申报并实施回售的，该计息年度不应再行使回售权。可转债持有人不能多次行使部分回售权。
110031.SH,航天信息,航信转债(退市),600271.SH,30,30,70,2019/6/12,2021/6/12,2021/6/12,"公司股票在最后两个计息年度任何连续30个交易日的收盘价格低于当期转股价格的70%时,可转债持有人有权将其持有的可转债全部或部分按债券面值加当期应计利息的价格回售给发行人.若在上述交易日内发生过转股价格因发生送红股,转增股本,增发新股(不包括因本次发行的可转债转股而增加的股本),配股以及派发现金股利等情况而调整的情形,则在调整前的交易日按调整前的转股价格和收盘价格计算,在调整后的交易日按调整后的转股价格和收盘价格计算.如果出现转股价格向下修正的情况,则上述D连续30个交易日‖须从转股价格调整之后的第一个交易日起重新计算.最后两个计息年度可转债持有人在每年回售条件首次满足后可按上述约定条件行使回售权一次,若在首次满足回售条件而可转债持有人未在公司届时公告的回售申报期内申报并实施回售的,该计息年度不应再行使回售权.可转债持有人不能多次行使部分回售权."
110035.SH,白云机场,白云转债(退市),600004.SH,30,30,70,2019/2/26,2021/2/26,2021/2/26,最后两个计息年度可转债持有人在每年回售条件首次满足后可按上述约定条件行使回售权一次，若在首次满足回售条件而可转债持有人未在公司届时公告的回售申报期内申报并实施回售的，该计息年度不应再行使回售权。可转债持有人不能多次行使部分回售权。
110036.SH,招商银行,招行转债(退市),600036.SH,20,20,75,2008/11/10,2009/11/10,2009/11/10,在本公司可转债到期日前一年内，如果“招商银行”股票(A股)收盘价连续20个交易日低于当期转股价格的75%时，转债持有人有权将持有的全部或部分本公司可转债以面值的108.5%(含当期利息)的价格回售予本公司。若在该20个交易日内发生过转股价格调整的情形，则在调整前的交易日按调整前的转股价格和收盘价计算，在调整后的交易日按调整后的转股价格和收盘价计算。持有人在回售条件首次满足后可以进行回售，首次不实施回售的，当年不能再行使回售权。前述回售价格将根据市场情况上下调整，具体调整幅度在可转债发行时由本公司发行可转债领导小组确定。
110037.SH,歌华有线,歌华转债(退市),600037.SH,20,20,70,2004/11/12,2009/5/11,2009/5/11,"回售条件及回售价格:(1)有条件的提前回售:在本可转债的转股期间,如果公司A股股票在任何连续20个交易日的收盘价格低于当期转股价的70%时,歌华有线转债持有人有权将其持有的可转债全部或部分按面值105%(含当前计息年度利息)回售给公司。本转债持有人每年(付息年)可按上述约定条件行使回售权一次,但若首次不实施回售的,当年不应再按上述约定条件行使回售权。(2)附加回售:本可转债募集资金投资项目的实施情况与本公司在本募集说明书中的承诺相比如出现变化,并且根据中国证监会的相关规定属于改变募集资金用途的,持有人有权以面值103%(含当前计息年度利息)的价格向本公司回售可转换公司债券。持有人在附加回售条件满足后,可以在本公司公告的附加回售申报期内进行回售。在关于改变募集资金用途的股东大会决议公告后5个工作日内,本公司将在中国证监会指定报刊和互联网网站连续发布附加回售公告至少3次,载明回售的程序、价格、付款方法和回售日期等内容。持有人在该次附加回售申报期内未进行回售申报的,不得再行使该次附加回售权。"
110078.SH,*ST澄星,澄星转债(退市),600078.SH,20,20,70,2007/11/10,2012/5/10,2012/5/10,在公司可转债转股期内，若公司股票在连续20个交易日的收盘价格低于当期转股价格的70%时，可转债持有人有权将其持有的全部或部分可转债以每张105元(含当期利息)作为回售价格回售予公司。
110219.SH,南山铝业,南山转债(退市),600219.SH,20,20,80,2005/4/19,2009/10/19,2009/10/19,"回售条款：在可转债发行之日起6个月后至可转债到期日止,如果公司A股股票收盘价任意连续20个交易日低于当期转股价格的80%时,公司可转债持有人有权将持有的全部或部分可转债以面值105%(含当期利息)的价格回售予本公司。持有人在上述回售条件首次满足后可以进行回售,首次不实施回售的,当年不应再行使回售权。附加回售条款：本次发行可转债募集资金投资项目的实施情况与公司在本募集说明书中的承诺相比如出现变化,根据中国证监会的相关规定可被视作改变募集资金用途或被中国证监会认定为改变募集资金用途的,持有人有权以面值105%(含当期利息)的价格向公司附加回售可转债。持有人在本次附加回售申报期内未进行附加回售申报的,不应再行使本次附加回售权。"
110227.SH,圣济堂,赤化转债(退市),600227.SH,30,30,70,2008/4/10,2012/10/10,2012/10/10,在转股期内，如本公司股票在连续30个交易日的收盘价低于当期转股价的70%时，持有人有权以103元(含当期利息)的价格回售给公司。可转债持有人每年(付息年)可按上述约定条件行使回售权一次，但若首次不实施回售的，当年不应再行使回售权。附加回售条款：公司经股东大会批准改变本次发行可转债的募集资金用途，或经股东大会批准公司合并或分立时，可转债持有人享有一次附加回售的权利，可转债持有人有权将其持有的可转债全部或部分回售给公司，回售价格为103元(含当年利息)。可转债持有人行使该附加回售权不影响前述“回售条款”约定的回售权的行使。
110232.SH,金鹰股份,金鹰转债(退市),600232.SH,30,20,70,2007/5/20,2010/11/20,2010/11/20,回售条件与回售价格在公司可转债转股期内，如果公司股票在任意连续30个交易日中至少20个交易日的收盘价低于当期转股价格的70%时，可转债持有人有权将持有的全部或部分可转债以面值105%(含当期利息)的价格回售予公司。持有人在上述回售条件首次满足后可以进行回售，首次不实施回售的，当年不能再行使回售权。附加回售条件与附加回售价格本次发行可转债募集资金投资项目的实施情况与公司在本次可转债《募集说明书》中的承诺相比如出现变化，根据中国证监会的相关规定可被视作改变募集资金用途或被中国证监会认定为改变募集资金用途的，持有人有权以面值105%(含当期利息)的价格向公司附加回售可转债。持有人在本次附加回售申报期内未进行附加回售申报的，不应再行使本次附加回售权。
110325.SH,华发股份,华发转债(退市),600325.SH,30,30,70,2007/1/27,2011/7/27,2011/7/27,"(1)在转股期内,如本公司股票在连续30个交易日的收盘价低于当期转股价的70%时,持有人有权以103元(含当期利息)的价格将其持有的可转债全部或部分回售给公司。(2)可转债持有人每年(付息年)可按上述约定条件行使回售权一次,但若首次不实施回售的,当年不应再行使回售权。附加回售条款公司经股东大会批准改变本次发行可转债的募集资金用途,或经股东大会批准公司合并或分立时,可转债持有人享有一次附加回售的权利,可转债持有人有权将其持有的可转债全部或部分回售给公司,回售价格为103元(含当年利息)可转债持有人行使该附加回售权不影响前述“回售条款”约定的回售权的行使。"
110368.SH,五洲交通,五洲转债(退市),600368.SH,30,30,70,2008/9/1,2013/2/28,2013/2/28,在可转债的转股期间，如果公司A股股票在任何连续30个交易日的收盘价格低于当期转股价的70%时，可转债持有人有权将其持有的可转债全部或部分按债券面值的103%(含期利息)的价格回售给公司。若公司可转债募集资金投资项目的实施情况与公司在募集说明书中的承诺情况相比出现变化，根据中国证监会的相关规定被视作改变募集资金用途或被中国证监会认定改变募集资金用途的，可转债持有人享有一次回售的权利。可转债持有人有权按债券面值的103%(含当期利息)的价格向公司回售全部或部分持有的可转券。(1)若今后出台实施的《收费公路权益转让办法》明令禁止政府还贷公路转变为收费经营公路，则可转债持有人享有一次回售的权利。可转债持有人有权按债券面值的103%(含当期利息)的价格向公司回售全部或部分持有的可转换公司债券。(2)若《收费公路权益转让办法》允许政府还贷公路转变为收费经营公路，但国家交通部不批准筋竹(粤桂界)至岑溪高速公路由政府还贷公路转变为收费经营公路，则可转债持有人享有一次回售的权利。可转债持有人有权按债券面值的103%(含当期利息)的价格向公司回售全部或部分持有的可转换公司债券。
110398.SH,海澜之家,凯诺转债(退市),600398.SH,30,20,70,2008/8/15,2011/8/15,2011/8/15,(1)有条件回售自本次可转换公司债券发行日起24个月后，若本公司股票(A股)在任意连续30个交易日中至少20个交易日的收盘价低于当时执行的转股价格的70%，则持有人有权以面值的105%(含当年利息)的价格向本公司回售其持有的全部或部分可转换公司债券。(2)附加回售本次发行可转换公司债券募集资金投资项目的实施情况与公司在本次可转换公司债券募集说明书中的承诺相比如出现变化，根据中国证监会的相关规定可被视作改变募集资金用途或被中国证监会认定为改变募集资金用途的，持有人有权以面值的105%(含当年利息)的价格向公司附加回售可转换公司债券。持有人在本次附加回售申报期内未进行附加回售申报的，不应再行使本次附加回售权。
110418.SH,江淮汽车,江淮转债(退市),600418.SH,30,30,70,2007/4/15,2009/4/14,2009/4/14,在江淮转债到期日前24个月内，若公司股票在任意连续30个交易日的收盘价格低于当期转股价格的70%时，可转债持有人有权将其持有的全部或部分可转债以每张江淮转债(100元)当年期利息的120%加其面值作为回售价格回售予公司。可转债持有人在上述约定条件首次满足后可以行使回售权一次，但若首次满足上述条件而不实施回售的，当年不应再行使回售权。
110423.SH,柳化股份,柳化转债(退市),600423.SH,20,20,75,2007/1/28,2011/7/28,2011/7/28,(1)有条件的提前回售：在本可转债的转股期间，如果本公司A股股票在任何连续20个交易日的收盘价格低于当期转股价的75%时，柳化转债持有人有权将其持有的可转债全部或部分按面值的105%(含当期利息)回售给本公司。本转债持有人每年(计息年度)可按上述约定条件行使回售权一次，但若首次不实施回售的，当年不应再按上述约定条件行使回售权。(2)附加回售：本可转债募集资金投资项目的实施情况与本公司在募集说明书中的承诺相比如出现变化，根据中国证监会的相关规定可被视作改变募集资金用途或者被中国证监会认定为改变募集资金用途的，持有人有权按面值的103%(含当期利息)的价格向本公司回售可转换公司债券。持有人在附加回售条件满足后，可以在本公司公告的附加回售申报期内进行回售。
110488.SH,天药股份,天药转债(退市),600488.SH,30,20,70,2009/10/25,2012/10/25,2012/10/25,(1)自发行首日起满三个计息年度后的任一计息年度中，若公司股票收盘价连续30个交易日至少有20个交易日的收盘价不高于当时执行的转股价格的70%时(即“回售条件”)，则可转债持有人有权在该回售条件首次满足时按可转债面值103%(含当期利息)的价格回售其持有的全部或部分可转债。在可行使回售权的任何一个计息年度中，可转债持有人在回售条件首次满足时不行使回售权的，则持有人在该计息年度中不再行使回售权，且持有人在每一计息年度中仅可行使一次回售权。(2)附加回售条款本次发行所募集资金的使用与公司在募集说明书中的承诺相比如出现变化，根据中国证券监督管理委员会的相关规定可被视作改变募集资金用途或被中国证券监督管理委员会认定为改变募集资金用途的，持有人享有一次以面值103%(含当期利息)的价格向公司回售可转换公司债券。
110567.SH,山鹰国际,山鹰转债(退市),600567.SH,20,20,70,2009/9/5,2012/9/5,2012/9/5,"(1)自本次可转债发行之日起24个月后，若公司A股股票在任意连续20个交易日的收盘价格低于当期转股价格的70%，则可转债持有人有权以面值的105%(含当期利息)的价格将其持有的可转债全部或部分回售给本公司。2、可转债持有人在回售条件首次满足后不实施回售的，当年不应再按上述约定条件行使回售权。附加回售条款:1、在本次发行的可转债存续期内，若公司经股东大会批准改变或发生经中国证监会认定为改变本次发行可转债募集资金用途,则可转债持有人享有一次回售的权利。可转债持有人有权以面值的105%(含当期利息)的价格向本公司回售全部或部分持有的可转债。(2)可转债持有人在本次附加回售申报期内未进行附加回售申报的，不应再行使本次附加回售权。"
110598.SH,北大荒,大荒转债(退市),600598.SH,20,20,70,2008/6/19,2012/12/19,2012/12/19,在公司可转债转股期内，若公司股票在连续20个交易日的收盘价格低于当期转股价格的70%，可转债持有人有权将其持有的全部或部分可转债以每张105元(含当期利息)的价格回售予公司。任一计息年度可转债持有人在回售条件首次满足后可以进行回售，但若首次不实施回售的，则该计息年度不应再行使回售权。
110874.SH,创业环保,创业转债(退市),600874.SH,30,20,70,2005/7/1,2009/6/30,2009/6/30,"(1)有条件的提前回售在本可转债的转股期间,如本公司A股股票在连续30个交易日中任意20个交易日的收盘价低于当期转股价的70%时,创业环保可转债持有人有权将其持有的可转债全部或部分按满一年,满两年,满三年,满四年后分别以可转债面值的102%,103%,104%,105%回售给本公司.本转债持有人每个计息年度可依照约定的条件行使一次回售权.在任一计息年度内,在回售条件首次满足后,转债持有人可以进行回售,首次不实施回售的,该计息年度不应再行使回售权.(2)附加回售本次发行可转债募集资金投资项目的实施情况与公司在本募集说明书中的承诺相比如出现变化,根据中国证监会的相关规定可被视作改变募集资金用途或被中国证监会认定为改变募集资金用途的,持有人有权以面值105%(含当前计息年度利息)的价格向本公司附加回售创业环保转债.持有人在附加回售条件满足后,可以在本公司公告的附加回售申报期内进行回售."
110971.SH,恒源煤电,恒源转债(退市),600971.SH,30,30,70,2008/3/24,2012/9/24,2012/9/24,在可转债的转股期内，如果公司股票收盘价连续30个交易日低于当期转股价格的70%，可转债持有人有权将其持有的可转债全部或部分按面值的105%(含当期利息)回售给公司。若该30个交易日内发生过调整转股价格的情形，则调整日前按调整前的转股价格计算，调整日后按调整后的转股价格计算。持有人在回售条件首次满足后可以行使回售权，若首次不实施回售，该计息年度内将不再行使回售权。在本次发行的可转债存续期内，如果本次发行所募集资金的使用与本公司在募集说明书中的承诺相比如出现重大变化，根据证监会的相关规定可被视作改变募集资金用途或被证监会认定为改变募集资金用途的，持有人有权向本公司回售其持有的部分或全部可转债。持有人在本次附加回售申报期内未进行附加回售申报的，不应再行使本次附加回售权。附加回售价格为可转债面值的105%(含当期利息)。
113003.SH,中国重工,重工转债(退市),601989.SH,30,30,80,2016/6/4,2018/6/4,2018/6/4,本次发行的可转债最后两个计息年度，如果公司股票在任何连续三十个交易日的收盘价格低于当期转股价格的80%时，可转债持有人有权将其持有的可转债全部或部分按债券面值加上当期应计利息的价格回售给公司。若在上述交易日内发生过转股价格因发生送红股、转增股本、增发新股（不包括因本次发行的可转债转股而增加的股本）、配股以及派发现金股利等情况而调整的情形，则在调整前的交易日按调整前的转股价格和收盘价格计算，在调整后的交易日按调整后的转股价格和收盘价格计算。如果出现转股价格向下修正的情况，则上述三十个交易日须从转股价格调整之后的第一个交易日起重新计算。本次发行的可转债最后两个计息年度，可转债持有人在每年回售条件首次满足后可按上述约定条件行使回售权一次，若在首次满足回售条件而可转债持有人未在公司届时公告的回售申报期内申报并实施回售的，该计息年度不应再行使回售权，可转债持有人不能多次行使部分回售权。
113006.SH,深圳燃气,深燃转债(退市),601139.SH,30,30,70,2017/12/13,2019/12/13,2019/12/13,在本可转债最后两个计息年度，如果公司股票在任何连续30个交易日的收盘价格低于当期转股价的70%时，可转债持有人有权将其持有的可转债全部或部分按债券面值的103%（含当期计息年度利息）回售给公司。若在上述交易日内发生过转股价格因发生送红股、转增股本、增发新股（不包括因本次发行的可转债转股而增加的股本和实施股权激励计划而增加的股本）、配股以及派发现金股利等情况而调整的情形，则在调整前的交易日按调整前的转股价格和收盘价格计算，在调整后的交易日按调整后的转股价格和收盘价格计算。如果出现转股价格向下修正的情况，则上述“连续30个交易日”须从转股价格调整之后的第一个交易日起重新计算。最后两个计息年度可转债持有人在每年回售条件首次满足后可按上述约定条件行使回售权一次，若在首次满足回售条件而可转债持有人未在公司届时公告的回售申报期内申报并实施回售的，该计息年度不应再行使回售权。可转债持有人不能多次行使部分回售权。
113007.SH,吉视传媒,吉视转债(退市),601929.SH,30,30,70,2018/9/5,2020/9/5,2020/9/5,公司股票在最后两个计息年度任何连续30个交易日的收盘价格低于当期转股价格的70%时，可转债持有人有权将其持有的可转债全部或部分按债券面值的103%（含当期利息）的价格回售给发行人。若在上述交易日内发生过转股价格因发生送红股、转增股本、增发新股（不包括因本次发行的可转换公司债券转股而增加的股本）、配股以及派发现金股利等情况而调整的情形，则在调整前的交易日按调整前的转股价格和收盘价格计算，在调整后的交易日按调整后的转股价格和收盘价格计算。如果出现转股价格向下修正的情况，则上述“连续30个交易日”须从转股价格调整之后的第一个交易日起重新计算。最后两个计息年度可转债持有人在每年回售条件首次满足后可按上述约定条件行使回售权一次，若在首次满足回售条件而可转债持有人未在公司届时公告的回售申报期内申报并实施回售的，该计息年度不应再行使回售权。可转债持有人不能多次行使部分回售权。
113008.SH,上海电气,电气转债(退市),601727.SH,30,30,70,2019/2/2,2021/2/2,2021/2/2,有条件回售：自本可转债最后两个计息年度起，如果公司股票收盘价连续30个交易日低于当期转股价格的70%时，可转债持有人有权将其持有的可转债全部或部分按面值的103%（含当期计息年度利息）回售给公司。若在上述交易日内发生过转股价格调整的情形，则在调整前的交易日按调整前的转股价格和收盘价格计算，在调整后的交易日按调整后的转股价格和收盘价格计算。
113501.SH,洛阳钼业,洛钼转债(退市),603993.SH,30,30,70,2016/12/2,2020/12/1,2020/12/1,1.有条件回售：自本可转债第三个计息年度起，如果公司股票收盘价连续30个交易日低于当期转股价格的70%时，可转债持有人有权将其持有的可转债全部或部分按面值的103%（含当期计息年度利息）回售给公司。任一计息年度可转债持有人在回售条件首次满足后可以进行回售，但若首次不实施回售的，则该计息年度不应再行使回售权。若在上述交易日内发生过转股价格调整的情形，则在调整前的交易日按调整前的转股价格和收盘价格计算，在调整后的交易日按调整后的转股价格和收盘价格计算。2.附加回售：在本次发行的可转债存续期间内，如果本次发行所募集资金的使用与公司在募集说明书中的承诺相比出现重大变化，根据中国证监会的相关规定可被视作改变募集资金用途或者被中国证监会认定为改变募集资金用途的，持有人有权按面值的103%（含当期利息）的价格向公司回售其持有的部分或全部可转债。持有人在附加回售申报期内未进行附加回售申报的，不应再行使本次附加回售权。
125002.SZ,万科A,万科转债(退市),000002.SZ,30,30,70,2002/12/13,2007/6/12,2007/6/12,在可转债发行6个月后的转股期间，如果公司A股股票连续30个交易日的收盘价格低于当期转股价的70％时，可转债持有人有权将其持有的可转债全部或部分按面值102％(含当年利息)回售给公司。可转债持有人每年(付息年)可按上述约定条件行使回售权一次，但若首次不实施回售的，当年不应再行使回售权。
125069.SZ,华侨城A,侨城转债(退市),000069.SZ,20,20,80,2006/7/1,2006/12/31,2006/12/31,1、回售条件和回售价格在发行人可转换公司债券存续期的最后半年内，如果发行人A股股票的收盘价格在连续20个交易日内低于当时执行的转股价格并达到20％（含20％）以上的幅度时，可转换公司债券持有人有权将全部或部分未转换股份的发行人可转换公司债券回售予发行人，回售价格为102.5元/张（含当期利息）。可转换公司债券持有人在上述约定时间内行使回售权，若首次满足回售条件时，不实施回售的，当年不再行使回售权。2、回售程序发行人将在上述回售条件首次满足后5个交易日内，在中国证监会指定的全国性报刊和互联网网站上发布回售公告至少3次，公告中将载明回售的程序、价格、付款方法、时间等内容。行使回售权的可转换公司债券持有人应在回售公告期满后的5个工作日内通过深交所交易系统进行回售申报，发行人将于回售申报期结束后5个交易日内按约定的价格及支付方式支付相应的款项。回售期结束后，发行人将公告回售的结果及对其自身的影响。
125089.SZ,深圳机场,深机转债(退市),000089.SZ,30,30,70,2015/7/15,2017/7/14,2017/7/14,有条件回售条款在本可转债最后两个计息年度，如果公司股票收盘价连续30个交易日低于当期转股价格的70%时，可转债持有人有权将其持有的可转债全部或部分按面值的103%（含当期计息年度利息）回售给公司。任一计息年度可转债持有人在回售条件首次满足后可以进行回售，但若首次不实施回售的，则该计息年度不应再行使回售权。若在上述交易日内发生过转股价格调整的情形，则在调整前的交易日按调整前的转股价格和收盘价格计算，在调整后的交易日按调整后的转股价格和收盘价格计算。
125488.SZ,晨鸣纸业,晨鸣转债(退市),000488.SZ,25,25,80,2006/9/15,2009/9/15,2009/9/15,"(1)一般性回售条款:自本次可转债发行首日起两年之后，如果公司人民币普通股(A股)股票任意连续25个交易日的收盘价低于当期转股价格的80%(含80%)时，晨鸣转债持有人有权将持有的全部或部分可转债以面值105%(含当期利息)的价格回售予公司。若在该25个连续交易日内发生过转股价格调整的情形，则在价格调整前的交易日按调整前的转股价格和收盘价计算，在价格调整后的交易日(含调整当日)按调整后的转股价格和收盘价计算。若在一个计息年度内首次满足回售条件而可转债持有人不实施回售的,该计息年度不应再行使回售权。(2)时点回售条款:在本次可转债发行日起满五年之日的前五个交易日，可转债持有人有权将其持有的全部或部分可转债向公司进行回售。每张转债的回售价格为转债面值的106.05%(含当期利息)。(3)附加回售条款:公司经股东大会批准改变本次发行可转债募集资金用途时，可转债持有人享有一次回售的权利，回售价格为可转债面值的105%(含当期利息)。"
125528.SZ,柳工,柳工转债(退市),000528.SZ,30,30,70,2008/10/18,2014/4/17,2014/4/17,(1)有条件回售条款在可转债的转股期间，如果公司A股股票在任何连续30个交易日的收盘价格低于当期转股价的70%时，可转债持有人有权将其持有的可转债全部或部分按债券面值的104%(含当期利息)的价格回售给公司。若在前述30个交易日内发生过转股价格调整的情形，则在调整前的交易日按调整前的转股价格和收盘价计算；调整后的交易日按调整后的转股价格和收盘价计算。(2)附加回售条款若公司本次发行的可转债募集资金投资项目的实施情况与公司在募集说明书中的承诺情况相比出现变化，根据中国证监会的相关规定被视作改变募集资金用途或被中国证监会认定改变募集资金用途的，可转债持有人享有一次回售的权利。可转债持有人有权按债券面值的104%(含当期利息)的价格向公司回售全部或部分持有的可转换公司债券。持有人在特别回售条件满足后，可以在本公司公告后的特别回售申报期内进行回售，本次特别回售申报期内不实施回售的，不应再行使特别回售权。
125572.SZ,海马汽车,海马转债(退市),000572.SZ,30,30,70,2008/7/16,2013/1/15,2013/1/15,在可转换公司债券的转股期内，如果公司股票收盘价连续30个交易日低于当期转股价格的70%，可转换公司债券持有人有权将其持有的可转换公司债券全部或部分按面值的105%(含当期利息)回售给公司。持有人在回售条件首次满足后可以行使回售权，若首次不实施回售，该计息年度内将不再行使回售权。若该30个交易日内发生过调整转股价格的情形，则调整日前按调整前的转股价格计算，调整日后按调整后的转股价格计算。
125630.SZ,铜陵有色,铜都转债(退市),000630.SZ,20,20,70,2003/5/21,2008/5/15,2008/5/15,本次可转换公司债券的持有人每计息年均可依照约定的条件行使一次回售权。回售条件是铜都铜业A股股票收盘价连续20个交易日低于当期转股价格达到70％。每计息年首次满足回售条件时，经可转债持有人申请，持有人可以约定的价格回售部分或全部未转股的债券。但若持有人首次不实施回售的，该计息当年不能再行使回售权。发行后第1、2、3、4、5年回售价格分别为面值的101.2％、103％、104％、105％、106％，回售价格均含该计息当年期利息。
125709.SZ,河钢股份,唐钢转债(退市),000709.SZ,30,30,70,2008/6/14,2012/12/13,2012/12/13,自发行结束之日起满6个月后，如果公司股票任意连续30个交易日的收盘价低于当期转股价格70%，可转换公司债券持有人有权将其持有的全部或部分债券以面值加当期利息的价格回售给公司。可转换公司债券持有人在每个计息年度内可在上述约定条件首次满足时行使回售权一次，但若首次不实施回售的，该计息年度将不得再行使回售权。附加回售条款：本次发行可转换公司债券募集资金投资项目的实施情况若根据中国证监会相关规定属于改变募集资金用途的，可转换公司债券持有人有权以面值加上当期应计利息的价格向本公司回售可转换公司债券。
125717.SZ,韶钢松山,韶钢转债(退市),000717.SZ,20,20,65,2007/8/6,2012/2/5,2012/2/5,(1)一般性回售条款：自本次可转债发行首日起满六个月之后，如果公司人民币普通股(A股)股票任意连续20个交易日的收盘价低于当期转股价格的65%时，韶钢转债持有人有权将持有的全部或部分可转债以面值104%(含当期利息)的价格回售予公司。(2)附加回售条款：发行人经股东大会批准改变本次发行可转债募集资金用途时，可转债持有人享有一次回售的权利，回售价格为可转债面值的106%(含当期利息)。本款所指回售条件是指根据中国证监会或上市交易所的相关规定可被视作改变募集资金用途或被中国证监会或上市交易所以书面文件认定为改变募集资金用途。
125729.SZ,燕京啤酒,燕京转债(退市),000729.SZ,20,20,70,2003/10/16,2007/10/16,2007/10/16,在燕京转债转股期内，如果本公司股票收盘价连续二十个交易日低于当期转股价的70％，经燕京转债持有人申请，持有人有权将持有的燕京转债按下列回售价格（含当年利息）回售予本公司，并有权选择回售其持有的部分或全部燕京转债：第二年第三年第四年第五年回售价格101元/张102元/张103元/张104元/张若在该二十个交易日内发生过转股价格调整的情形，则在调整前的交易日按调整前的转股价格和收盘价计算；调整后的交易日按调整后的转股价格和收盘价计算。申请部分或全部回售的燕京转债面值总额必须是1000元人民币的整数倍。燕京转债持有人每年最多可在约定的条件下行使一次回售权。每年首次满足回售条件时，持有人可回售部分或全部未转股的可转换公司债券，若首次条件满足时不实施回售的，当年不再行使回售权。
125731.SZ,四川美丰,美丰转债(退市),000731.SZ,30,30,70,2013/6/2,2015/6/2,2015/6/2,1、有条件回售条款在本可转债最后两个计息年度，若公司股票收盘价连续30个交易日低于当期转股价格的70%时，可转债持有人有权将其持有的可转债全部或部分按面值的103%（含当期计息年度利息）回售给本公司。若在上述交易日内发生过转股价格调整的情形，则在调整前的交易日按调整前的转股价格和收盘价格计算，在调整后的交易日按调整后的转股价格和收盘价格计算。持有人在回售条件首次满足后可以进行回售，首次不实施回售的，当年不能再行使回售权。2、附加回售条款在本可转债存续期间内，如果本次发行所募集资金的使用与本公司在募集说明书中的承诺相比出现重大变化，根据中国证监会的相关规定可被视作改变募集资金用途或者被中国证监会认定为改变募集资金用途的，持有人有权按面值的103%（含当期利息）的价格向本公司回售其持有的部分或全部可转换公司债券。持有人在附加回售申报期内未进行附加回售申报的，不应再行使本次附加回售权。
125822.SZ,山东海化,海化转债(退市),000822.SZ,20,20,70,2005/3/7,2009/9/7,2009/9/7,(1)回售条款：在海化转债转股期内，如果本公司股票收盘价连续20个交易日低于当期转股价的70%，经海化转债持有人申请，持有人有权将持有的部分或全部海化转债回售予本公司，回售价格为可转债面值的103%(含当期利息)。海化转债持有人每年可按上述约定条件行使一次回售权。每年首次满足回售条件时，持有人可回售部分或全部未转股的海化转债。若首次条件满足时持有人不实施回售的，持有人当年不再行使回售权。(2)附加回售条款：海化转债存续期内，如本次募集资金投资项目的实施情况与本公司在本募集说明书中的承诺相比发生变化，根据中国证监会的相关规定可被视作改变募集资金用途，或被中国证监会认定为改变募集资金用途的，本公司将赋予海化转债持有人一次附加回售的权利。海化转债持有人有权将其持有的海化转债全部或部分回售予本公司，回售价格为可转债面值的103%(含当期利息)。海化转债持有人在该次附加回售申报期中未进行附加回售申报的，不再行使该次附加回售权。
125887.SZ,中鼎股份,中鼎转债(退市),000887.SZ,30,30,70,2011/2/11,2016/2/11,2016/2/11,1.有条件回售条款在本可转债存续期内，如果公司股票收盘价连续30个交易日低于当期转股价格的70%时，可转债持有人有权将其持有的可转债全部或部分按面值的103%(含当期计息年度利息)回售给本公司。任一计息年度可转债持有人在回售条件首次满足后可以进行回售，但若首次不实施回售的，则该计息年度不应再行使回售权。若在上述交易日内发生过转股价格调整的情形，则在调整前的交易日按调整前的转股价格和收盘价格计算，在调整后的交易日按调整后的转股价格和收盘价格计算。2.附加回售条款在本可转债存续期间内，如果本次发行所募集资金的使用与本公司在募集说明书中的承诺相比出现重大变化，根据中国证监会的相关规定可被视作改变募集资金用途或者被中国证监会认定为改变募集资金用途的，持有人有权按面值103%(含当期利息)的价格向本公司回售其持有的部分或全部可转债。持有人在附加回售申报期内未进行附加回售申报的，不应再行使本次附加回售权。
125898.SZ,鞍钢股份,鞍钢转债(退市),000898.SZ,20,20,70,2004/9/14,2005/3/13,2005/3/13,"在可转债到期日前半年内(2004年9月14日至2005年3月13日),如果A股股票收盘价连续20个交易日低于当期转股价达到70％,经可转债持有人申请,可转债持有人有权将持有的可转债全部或部分以面值105％(含当年期利息)的价格回售予本公司。投资者在回售条件首次满足后可以进行回售,且只能回售一次。"
125930.SZ,中粮科技,丰原转债(退市),000930.SZ,30,30,70,2003/10/27,2008/3/24,2008/3/24,"1、在可转债转换期之前,可转债持有人不可回售可转债。在进入转债转换期之后至转债发行满四年零十一个月之日的期间内,如果丰原生化的A股股票在连续30个交易日之内的收盘价格低于生效转股价格的70%,可转债持有人有权将持有的可转债全部或部分按面值的108%(含当期利息)的价格回售给公司。2、在可转债到期日前一个月的第一个交易日,可转债持有者有权在当天及其后的四个交易日内将持有的全部或部分可转债按面值的108%(含当期利息)的价格回售给公司。3、可转债持有入在上述回售条件首次满足后可以进行回售,首次不实施回售的,当年不应再行使回售权。"
125932.SZ,华菱钢铁,华菱转债(退市),000932.SZ,15,15,85,2005/1/17,2009/7/16,2009/7/16,回售条件与回售价格：在公司可转债转股期内，如果公司A股股票收盘价连续15个交易日低于当期转股价格的85%时，可转债持有人有权将持有的全部或部分可转债以面值107%(含当期利息)的价格回售予公司。持有人在上述回售条件首次满足后可以进行回售，首次不实施回售的，当年不应再行使回售权。附加回售条款：本次发行可转债募集资金投资项目的实施情况与公司在本次可转债募集说明书中的承诺相比如出现变化，根据中国证监会的相关规定可被视作改变募集资金用途或被中国证监会认定为改变募集资金用途的，持有人有权以面值105%(含当期利息)的价格向公司附加回售可转债。持有人在本次附加回售申报期内未进行附加回售申报的，不应再行使本次附加回售权。
125936.SZ,华西股份,华西转债(退市),000936.SZ,20,20,80,2006/9/1,2008/8/31,2008/8/31,在华西转债到期日前2年内(自转债发行之日起37个月到60个月期间内)，如果本公司股票(A股)收盘价连续20个交易日低于当期转股价格的80%时，公司可转债持有人有权将持有的全部或部分华西转债以面值108%(含当期利息)价格回售予本公司。若在该20个交易日内发生过转股价格调整的情形，则在调整前的交易日按照调整前的转股价格和收盘价计算，调整后的交易日按照调整后的转股价格和收盘价计算。本公司转债持有人每年可按上述约定条件行使一次回售权[第一年行使回售权的年度时间区间为本公司可转债自发行之日后37个月始至发行满48个月之日止，即2006年9月1日至2007年8月31日；第二年行使回售权的年度时间区间为本公司可转债发行之日后49个月始至发行满60个月之日止，即2007年9月1日至2008年8月31日]。每年首次满足回售条件时，华西转债持有人可申请回售部分或全部未转股的可转债，也可以不申请回售，首次不实施回售的，当年不再行使回售权。回售条件不能跨年度时间区间计算。
125937.SZ,冀中能源,金牛转债(退市),000937.SZ,30,30,70,2008/8/11,2009/8/11,2009/8/11,"(1)回售条件与价格在公司可转债转股期最后一个年度内,如果公司股票(A股)收盘价任意连续30个交易日低于当期转股价格的70％时,公司可转债持有人有权将持有的全部或部分可转债以面值108％(含当期利息)的价格回售予本公司。若在前述30个交易日内发生过转股价格调整的情形，则落在调整前的交易日按调整前的转股价格和收盘价计算；落在调整后的交易日按调整后的转股价格和收盘价计算。(2)回售次数公司可转债持有人在可转债转股期最后一个年度内可依照约定的条件行使一次回售权。首次满足回售条件时，公司可转债持有人可回售部分或全部未转股的公司可转债。首次不实施回售的，不能再行使回售权。附加回售条件与价格:根据《通知》第八条的有关规定，为保护持有人利益，公司设置附加回售条款，赋予可转债持有人一次附加回售的权利。若公司可转债募集资金投资项目的实施情况与公司在募集说明书中的承诺情况相比出现变化，根据中国证监会的相关规定可被视作改变募集资金用途或被中国证监会认定改变募集资金用途的，公司可转债持有人有权以面值加上当期应计利息的价格向公司回售全部或部分可转债。"
125959.SZ,首钢股份,首钢转债(退市),000959.SZ,30,20,80,2007/12/16,2008/12/15,2008/12/15,"(1)回售条件与回售价格在本次可转债到期日前一个计息年度内,如果公司股票任意连续30个交易日中至少20个交易日的收盘价低于当期转股价格的80%时,可转债持有人有权将其持有的全部或部分可转债以面值107%(含当年期利息)的价格回售予公司.可转债持有人在本次可转债到期日前一个计息年度内可在上述约定条件首次满足时行使回售权一次,但若首次不实施回售的,将不得再行使回售权.上述股票收盘价格连续交易日的计算不得跨越计息年度,如跨越计息年度,交易日不能连续计算.若公司募集资金项目发生变更,或根据中国证监会的相关规定可被视作改变募集资金用途,或被中国证监会认定为改变募集资金用途的,则在公司股东大会做出变更募集资金项目决议之日起10个工作日后,公司可转债持有人有权将持有的全部或部分可转债以面值105%(含当期利息)的价格回售予本公司.公司可转债持有人未在回售公告完成后5个工作日内进行回售申报的,不应再行使回售权.在本次可转债发行日起满五年之日的前三个交易日,可转债持有人有权将其持有的全部或部分可转债以面值107%(含第五年利息)的价格回售予公司."
125960.SZ,锡业股份,锡业转债(退市),000960.SZ,30,30,70,2009/5/14,2012/5/13,2012/5/13,在本可转债发行两年（含当日）之后的转股期内，如果公司股票在任何连续30个交易日的收盘价格低于当期转股价的70%时，本可转债持有人有权按面值的101％加该计息年度的应计利息计算的回售价格（含当年利息）将其持有的全部或部分本可转债回售给公司若在该30个交易日内发生过转股价格调整的情形，则在调整前的交易日按调整前的转股价格和收盘价计算，在调整后的交易日按调整后的转股价格和收盘价计算。持有人在回售条件首次满足后可以进行回售，首次不实施回售的，当年不能再行使回售权。
125969.SZ,安泰科技,安泰转债(退市),000969.SZ,30,30,70,2009/9/16,2015/9/16,2015/9/16,(1)有条件回售条款在本可转债存续期内，如果公司股票收盘价连续30个交易日低于当期转股价格的70%时，可转债持有人有权将其持有的可转债全部或部分按面值的103%(含当期计息年度利息)回售给本公司。任一计息年度可转债持有人在回售条件首次满足后可以进行回售，但若首次不实施回售的，则该计息年度不应再行使回售权。若在上述交易日内发生过转股价格调整的情形，则在调整前的交易日按调整前的转股价格和收盘价格计算，在调整后的交易日按调整后的转股价格和收盘价格计算。(2)附加回售条款在本可转债存续期间内，如果本次发行所募集资金的使用与本公司在募集说明书中的承诺相比出现重大变化，根据中国证监会的相关规定可被视作改变募集资金用途或者被中国证监会认定为改变募集资金用途的，持有人有权按面值103%(含当期利息)的价格向本公司回售其持有的部分或全部可转债。持有人在附加回售申报期内未进行附加回售申报的，不应再行使本次附加回售权。
126002.SZ,万科A,万科转2(退市),000002.SZ,30,20,60,2005/3/24,2009/9/24,2009/9/24,(1)有条件的提前回售在可转换公司债券发行6个月后的转股期间，如果公司A股股票连续30个交易日中累计20个交易日的收盘价格低于当期转股价的60％时，可转换公司债券持有人有权将其持有的可转换公司债券全部或部分回售给公司，回售价格为：面值的101%+付息当年度利息(已含当期利息)，具体为：第一年为102%，第二年为102.375%，第三年为102.75%，第四年为103.125%，第五年为103.5%。可转换公司债券持有人每年(付息年)可按上述约定条件行使回售权一次，但若首次不实施回售的，当年不应再行使回售权。(2)附加回售条款公司经股东大会批准改变本次发行可转债的募集资金用途，或经股东大会批准公司合并或分立时，可转债持有人享有一次附加回售的权利，可转债持有人有权将其持有的可转债全部或部分回售给公司，回售价格为：面值的101%加付息当年度利息(已含当期利息)，具体为：第一年102%、第二年102.375%、第三年102.75%、第四年103.125%、第五年103.5%。可转债持有人行使该附加回售权不影响前述“回售条款”约定的回售权的行使。
126301.SZ,东方盛虹,丝绸转2(退市),000301.SZ,30,30,70,2006/9/9,2007/9/9,2007/9/9,"在本公司可转债到期日前一年内,如果公司A股股票收盘价格连续30个交易日低于当期转股价的70％时,转债持有人有权将持有的全部或部分可转债以面值101.8％(含当年期利息)的价格回售予本公司。持有人在回售条件首次满足后可以进行回售,首次不实施回售的,当年将不应再行使回售权。回售条件与回售价格：本次发行可转换公司债券募集资金投资项目的实施情况与公司在本次募集说明书中的承诺相比如出现变化，根据中国证监会的相关规定可被视作改变募集资金用途或被中国证监会认定为改变募集资金用途的，持有人有权以面值101.8％(含当年利息)的价格向本公司回售可转换公司债券。持有人在回售条件首次满足后可以进行回售；首次不实施回售的，不应再行使回售权。"
126630.SZ,铜陵有色,铜陵转债(退市),000630.SZ,30,30,70,2010/7/15,2016/7/15,2016/7/15,1、有条件回售条款在本可转债存续期内，如果公司股票收盘价连续30个交易日低于当期转股价格的70%时，可转债持有人有权将其持有的可转债全部或部分按面值的103%(含当期计息年度利息)回售给本公司。任一计息年度可转债持有人在回售条件首次满足后可以进行回售，但若首次不实施回售的，则该计息年度不应再行使回售权。若在上述交易日内发生过转股价格调整的情形，则在调整前的交易日按调整前的转股价格和收盘价格计算，在调整后的交易日按调整后的转股价格和收盘价格计算。2、附加回售条款在本可转债存续期间内，如果本次发行所募集资金的使用与本公司在募集说明书中的承诺相比出现重大变化，根据中国证监会的相关规定可被视作改变募集资金用途或者被中国证监会认定为改变募集资金用途的，持有人有权按面值103%(含当期利息)的价格向本公司回售其持有的部分或全部可转债。持有人在附加回售申报期内未进行附加回售申报的，不应再行使本次附加回售权。
126729.SZ,燕京啤酒,燕京转债(退市),000729.SZ,30,30,70,2011/4/15,2015/10/14,2015/10/14,"（1）有条件回售条款在本可转债转股期内，如果公司股票收盘价连续30个交易日低于当期转股价格的70%时，可转债持有人有权将其持有的可转债全部或部分按面值的102%（含当期计息年度利息）回售给本公司。任一计息年度可转债持有人在回售条件首次满足后可以进行回售，但若首次不实施回售的，则该计息年度不应再行使回售权。若在上述交易日内发生过转股价格调整的情形,则在调整前的交易日按调整前的转股价格和收盘价格计算，在调整后的交易日按调整后的转股价格和收盘价格计算。（2）附加回售条款在本可转债存续期间内，如果本次发行所募集资金的使用与本公司在募集说明书中的承诺相比出现重大变化，根据中国证监会的相关规定可被视作改变募集资金用途或者被中国证监会认定为改变募集资金用途的，持有人有权按面值的102%（含当期利息）的价格向本公司回售其持有的部分或全部可转债。持有人在附加回售申报期内未进行附加回售申报的，不应再行使本次附加回售权。"
127001.SZ,中信海直,海直转债(退市),000099.SZ,30,30,70,2014/12/19,2018/12/18,2018/12/18,有条件回售条款：自本次可转债第三个计息年度起，如果公司股票在任何连续三十个交易日的收盘价格低于当期转股价格的70%，可转债持有人有权将全部或部分其持有的可转债按照103元（含当期应计利息）回售给公司。若在上述交易日内发生过转股价格因发生送红股、转增股本、增发新股（不包括因本次发行的可转债转股而增加的股本）、配股以及派发现金股利等情况而调整的情形，则在调整前的交易日按调整前的转股价格和收盘价格计算，在调整后的交易日按调整后的转股价格和收盘价格计算。如果出现转股价格向下修正的情况，则上述三十个交易日须从转股价格调整之后的第一个交易日起重新计算。自本次可转债第三个计息年度起，可转债持有人在每年回售条件首次满足后可按上述约定条件行使回售权一次，若在首次满足回售条件而可转债持有人未在公司届时公告的回售申报期内申报并实施回售的，该计息年度不应再行使回售权。
127002.SZ,徐工机械,徐工转债(退市),000425.SZ,30,30,70,2017/10/25,2019/10/24,2019/10/24,本次发行的可转债最后两个计息年度，如果公司股票在任何连续三十个交易日的收盘价格低于当期转股价格的70%时，可转债持有人有权将其持有的可转债全部或部分按债券面值加当期应计利息的价格回售给公司。若在上述交易日内发生过转股价格因发生送红股、转增股本、增发新股（不包括因本次发行的可转债转股而增加的股本）、配股以及派发现金股利等情况而调整的情形，则在调整前的交易日按调整前的转股价格和收盘价格计算，在调整后的交易日按调整后的转股价格和收盘价格计算。如果出现转股价格向下修正的情况，则上述三十个交易日须从转股价格调整之后的第一个交易日起重新计算。本次发行的可转债最后两个计息年度，可转债持有人在每年回售条件首次满足后可按上述约定条件行使回售权一次，若在首次满足回售条件而可转债持有人未在公司届时公告的回售申报期内申报并实施回售的，该计息年度不应再行使回售权，可转债持有人不能多次行使部分回售权。
128001.SZ,泰尔股份,泰尔转债(退市),002347.SZ,30,30,70,2013/7/15,2018/1/8,2018/1/8,在可转债转股期间，如果公司A股股票收盘价连续30个交易日低于当期转股价格的70%时，可转债持有人有权将其持有的可转债全部或部分按面值的103%（含当期利息）回售给发行人。若在上述交易日内发生过转股价格调整的情形，则在调整前的交易日按调整前的转股价格和收盘价格计算，在调整后的交易日按调整后的转股价格和收盘价格计算。可转债持有人任一计息年度在回售条件首次满足后可按上述约定条件行使回售权一次，若在一个计息年度内首次满足回售条件而可转债持有人不实施回售的，该计息年度不应再行使回售权。可转债持有人不能多次行使部分回售权。
128002.SZ,东华软件,东华转债(退市),002065.SZ,30,30,70,2017/7/26,2019/7/25,2019/7/25,在公司本次发行的可转换公司债券最后两个计息年度，如果公司股票在任何连续三十个交易日的收盘价格低于当期转股价的70%时，可转换公司债券持有人有权将其持有的可转换公司债券全部或部分按面值加上当期应计利息的价格回售给公司。若在上述交易日内发生过转股价格因发生送红股、转增股本、增发新股（不包括因本次发行的可转换公司债券转股而增加的股本）、配股以及派发现金股利等情况而调整的情形，则在调整前的交易日按调整前的转股价格和收盘价格计算，在调整后的交易日按调整后的转股价格和收盘价格计算。如果出现转股价格向下修正的情况，则上述“连续三十个交易日”须从转股价格调整之后的第一个交易日起重新计算。最后两个计息年度，公司本次发行的可转换公司债券持有人在每年回售条件首次满足后可按上述约定条件行使回售权一次，若在首次满足回售条件而可转换公司债券持有人未在公司届时公告的回售申报期内申报并实施回售的，该计息年度不应再行使回售权。公司本次发行的可转换公司债券持有人不能多次行使部分回售权。
128003.SZ,华天科技,华天转债(退市),002185.SZ,30,30,70,2017/8/12,2019/8/11,2019/8/11,本次发行的可转债最后两个计息年度，如果公司股票在任何连续三十个交易日的收盘价格低于当期转股价格的70%时，可转债持有人有权将其持有的可转债全部或部分按债券面值的103%（含当期利息）的价格回售给公司。若在上述交易日内发生过转股价格因发生送红股、转增股本、增发新股（不包括因本次发行的可转债转股而增加的股本）、配股以及派发现金股利等情况而调整的情形，则在调整前的交易日按调整前的转股价格和收盘价格计算，在调整后的交易日按调整后的转股价格和收盘价格计算。如果出现转股价格向下修正的情况，则上述三十个交易日须从转股价格调整之后的第一个交易日起重新计算。本次发行的可转债最后两个计息年度，可转债持有人在每年回售条件首次满足后可按上述约定条件行使回售权一次，若在首次满足回售条件而可转债持有人未在公司届时公告的回售申报期内申报并实施回售的，该计息年度不应再行使回售权，可转债持有人不能多次行使部分回售权。
128004.SZ,久立特材,久立转债(退市),002318.SZ,30,30,70,2018/2/25,2020/2/24,2020/2/24,在本可转债最后2个计息年度，如果公司股票收盘价连续30个交易日低于当期转股价格的70%时，可转债持有人有权将其持有的可转债全部或部分按面值的103%（含当期计息年度利息）回售给本公司。若在上述交易日内发生过转股价格调整的情形，则在调整前的交易日按调整前的转股价格和收盘价格计算，在调整后的交易日按调整后的转股价格和收盘价格计算。任一计息年度可转债持有人在回售条件首次满足后可以进行回售，但若首次不实施回售的，则该计息年度不应再行使回售权。
128005.SZ,齐翔腾达,齐翔转债(退市),002408.SZ,30,30,80,2017/4/18,2019/4/17,2019/4/17,本次发行的可转债最后两个计息年度，如果公司股票在任何连续三十个交易日的收盘价格低于当期转股价格的80%时，可转债持有人有权将其持有的可转债全部或部分按债券面值的103%（含当期利息）的价格回售给公司。若在上述交易日内发生过转股价格因发生送红股、转增股本、增发新股（不包括因本次发行的可转债转股而增加的股本）、配股以及派发现金股利等情况而调整的情形，则在调整前的交易日按调整前的转股价格和收盘价格计算，在调整后的交易日按调整后的转股价格和收盘价格计算。如果出现转股价格向下修正的情况，则上述三十个交易日须从转股价格调整之后的第一个交易日起重新计算。本次发行的可转债最后两个计息年度，可转债持有人在每年回售条件首次满足后可按上述约定条件行使回售权一次，若在首次满足回售条件而可转债持有人未在公司届时公告的回售申报期内申报并实施回售的，该计息年度不应再行使回售权，可转债持有人不能多次行使部分回售权。
128006.SZ,长青股份,长青转债(退市),002391.SZ,30,30,70,2018/6/20,2020/6/19,2020/6/19,在本可转债最后两个计息年度，如果公司股票在任何连续三十个交易日的收盘价格低于当期转股价格的70%时，可转债持有人有权将其持有的可转债全部或部分按债券面值的103%（含当期利息）回售给公司。若在上述交易日内发生过转股价格因发生送红股、转增股本、增发新股（不包括因本次发行的可转债转股而增加的股本）、配股以及派发现金股利等情况而调整的情形，则在调整前的交易日按调整前的转股价格和收盘价格计算，在调整后的交易日按调整后的转股价格和收盘价格计算。如果出现转股价格向下修正的情况，则上述“连续三十个交易日”须从转股价格调整之后的第一个交易日起重新计算。最后两个计息年度可转债持有人在每年回售条件首次满足后可按上述约定条件行使回售权一次，若在首次满足回售条件而可转债持有人未在公司届时公告的回售申报期内申报并实施回售的，该计息年度不应再行使回售权。可转债持有人不能多次行使部分回售权。
128007.SZ,通鼎互联,通鼎转债(退市),002491.SZ,30,30,70,2018/8/15,2020/8/14,2020/8/14,发行人股票在最后两个计息年度任何连续三十个交易日的收盘价格低于当期转股价格的70%时，可转债持有人有权将其持有的可转债全部或部分按债券面值的103%（含当期利息）的价格回售给发行人。若在上述交易日内发生过转股价格因发生送红股、转增股本、增发新股（不包括因本次发行的可转换公司债券转股而增加的股本）、配股以及派发现金股利等情况而调整的情形，则在调整前的交易日按调整前的转股价格和收盘价格计算，在调整后的交易日按调整后的转股价格和收盘价格计算。如果出现转股价格向下修正的情况，则上述“连续三十个交易日”须从转股价格调整之后的第一个交易日起重新计算。最后两个计息年度可转债持有人在每年回售条件首次满足后可按上述约定条件行使回售权一次，若在首次满足回售条件而可转债持有人未在发行人届时公告的回售申报期内申报并实施回售的，该计息年度不应再行使回售权。可转债持有人不能多次行使部分回售权。
128008.SZ,齐峰新材,齐峰转债(退市),002521.SZ,30,30,70,2017/9/15,2019/9/14,2019/9/14,本次发行的可转债最后两个计息年度，如果公司股票在任何连续三十个交易日的收盘价格低于当期转股价格的70%时，可转债持有人有权将其持有的可转债全部或部分按债券面值加当期应计利息的价格回售给公司。若在上述交易日内发生过转股价格因发生送红股、转增股本、增发新股（不包括因本次发行的可转债转股而增加的股本）、配股以及派发现金股利等情况而调整的情形，则在调整前的交易日按调整前的转股价格和收盘价格计算，在调整后的交易日按调整后的转股价格和收盘价格计算。如果出现转股价格向下修正的情况，则上述三十个交易日须从转股价格调整之后的第一个交易日起重新计算。
128009.SZ,歌尔股份,歌尔转债(退市),002241.SZ,30,30,70,2018/12/12,2020/12/12,2020/12/12,在本公司本次发行的可转债最后两个计息年度，如果本公司股票在任何连续三十个交易日的收盘价格低于当期转股价的70%时，可转债持有人有权将其持有的可转债全部或部分按面值加上当期应计利息的价格回售给本公司。若在上述交易日内发生过转股价格因发生派送股票股利、转增股本、增发新股（不包括因本次发行的可转债转股而增加的股本）、配股以及派发现金股利等情况而调整的情形，则在调整前的交易日按调整前的转股价格和收盘价格计算，在调整后的交易日按调整后的转股价格和收盘价格计算。如果出现转股价格向下修正的情况，则上述“连续三十个交易日”须从转股价格调整之后的第一个交易日起重新计算。最后两个计息年度，本公司本次发行的可转债持有人在每年回售条件首次满足后可按上述约定条件行使回售权一次，若在首次满足回售条件而可转债持有人未在本公司届时公告的回售申报期内申报并实施回售的，该计息年度不应再行使回售权。本公司本次发行的可转债持有人不能多次行使部分回售权。
128031.SZ,巨轮智能,巨轮转债(退市),002031.SZ,25,25,70,2009/1/8,2012/1/7,2012/1/7,在本可转换公司债券发行结束之日起二十四个月后，如果本公司A股股票在任意连续25个交易日的收盘价格低于当期转股价的70%时，巨轮转债持有人有权将其持有的可转换公司债券全部或部分按面值的105%(含当期利息)回售给本公司。本转债持有人每年(计息年度)可按上述约定条件行使回售权一次，但若首次不实施回售的，当年不应再按上述约定条件行使回售权。本可转债募集资金投资项目的实施情况与本公司在募集说明书中的承诺相比如出现变化，根据中国证监会的相关规定可被视作改变募集资金用途或者被中国证监会认定为改变募集资金用途的，持有人有权按面值的105%(含当期利息)的价格向本公司回售可转换公司债券。持有人在附加回售条件满足后，可以在本公司公告的附加回售申报期内进行回售。
128233.SZ,塔牌集团,塔牌转债(退市),002233.SZ,30,30,70,2013/8/26,2015/8/25,2015/8/25,（1）有条件回售条款在本可转债最后两个计息年度，若公司股票在连续30个交易日的收盘价格低于当期转股价格的70%（含70%）时，可转债持有人有权将其持有的全部或部分可转债以每张105元（含当期利息）作为回售价格回售予公司。可转债持有人任一计息年度在回售条件首次满足后可按上述约定条件行使回售权一次，若在一个计息年度内首次满足回售条件而可转债持有人不实施回售的，该计息年度不应再行使回售权。可转债持有人不能多次行使部分回售权。若在上述交易日内发生过转股价格调整的情形，则在调整前的交易日按调整前的转股价格和收盘价格计算，在调整后的交易日按调整后的转股价格和收盘价计算。（2）附加回售条款当本次发行可转债募集资金投资项目的实施情况与公司在募集说明书中的承诺相比若出现变化时，该变化根据中国证监会的相关规定可被视作改变募集资金用途或被中国证监会认定为改变募集资金用途的，持有人有权以每张可转债105元（含当期利息）为回售价格向公司回售其所持有的全部或部分可转债。持有人在该特别回售条件满足后，可以在公司公告的特别回售申报期内进行回售，本次特别回售申报期内不实施回售的，不应再行使特别回售权。
129031.SZ,巨轮智能,巨轮转2(退市),002031.SZ,30,30,70,2014/7/19,2016/7/18,2016/7/18,在本可转债最后两个计息年度，如果公司股票收盘价连续30个交易日低于当期转股价格的70%时，可转债持有人有权将其持有的可转债全部或部分按面值的103%（含当期计息年度利息）回售给本公司。任一计息年度可转债持有人在回售条件首次满足后可以进行回售，但若首次不实施回售的，则该计息年度不应再行使回售权。
110032.SH,三一重工,三一转债(退市),600031.SH,30,30,70,2020/1/4,2022/1/4,2021/11/2,自本次可转债第五个计息年度起，如果公司股票在任何连续三十个交易日的收盘价格低于当期转股价格的70%，可转债持有人有权将其持有的可转债全部或部分按面值的103%（含当期计息年度利息）回售给公司。若在上述交易日内发生过转股价格因发生送红股、转增股本、增发新股（不包括因本次发行的可转债转股而增加的股本）、配股以及派发现金股利等情况而调整的情形，则在调整前的交易日按调整前的转股价格和收盘价格计算，在调整后的交易日按调整后的转股价格和收盘价格计算。如果出现转股价格向下修正的情况，则上述连续三十个交易日须从转股价格调整之后的第一个交易日起重新计算。自本次可转债第五个计息年度起，可转债持有人在每年回售条件首次满足后可按上述约定条件行使回售权一次，若在首次满足回售条件而可转债持有人未在公司届时公告的回售申报期内申报并实施回售的，该计息年度不应再行使回售权，可转债持有人不能多次行使部分回售权。
110800.SH,赛腾股份,赛腾定转(退市),603283.SH,30,30,80,2020/12/24,2022/12/23,2021/11/2,"当交易对方所持可转换债券满足解锁条件后,如公司股票连续30个交易日的收盘价格均低于当期转股价格的80%,则交易对方有权行使提前回售权,将满足解锁条件的可转换债券的全部或部分以面值加当期应计利息的金额回售给上市公司."
113010.SH,江南水务,江南转债(退市),601199.SH,30,30,80,2018/3/18,2022/3/18,2021/11/2,本次发行的可转债第三个计息年度起，如果公司A股股票在任何连续30个交易日的收盘价格低于当期转股价格的80%时，可转债持有人有权将全部或部分其持有的可转债按照103元（含当期应计利息）回售给公司。若在上述交易日内发生过转股价格因发生送红股、转增股本、增发新股（不包括因本次发行的可转债转股而增加的股本）、配股以及派发现金股利等情况而调整的情形，则在调整前的交易日按调整前的转股价格和收盘价格计算，在调整后的交易日按调整后的转股价格和收盘价格计算。如果出现转股价格向下修正的情况，则上述连续三十个交易日须从转股价格调整之后的第一个交易日起重新计算。
113012.SH,骆驼股份,骆驼转债(退市),601311.SH,30,30,70,2021/3/24,2023/3/24,2021/11/2,"在本次发行的可转换公司债券最后两个计息年度,如果公司股票在任何连续三十个交易日的收盘价格低于当期转股价的70%时,可转换公司债券持有人有权将其持有的可转换公司债券全部或部分按面值加上当期应计利息的价格回售给公司.若在上述交易日内发生过转股价格因发生送红股,转增股本,增发新股(不包括因本次发行的可转换公司债券转股而增加的股本),配股以及派发现金股利等情况而调整的情形,则在调整前的交易日按调整前的转股价格和收盘价格计算,在调整后的交易日按调整后的转股价格和收盘价格计算.如果出现转股价格向下修正的情况,则上述“连续三十个交易日”须从转股价格调整之后的第一个交易日起重新计算.最后两个计息年度可转换公司债券持有人在每年回售条件首次满足后可按上述约定条件行使回售权一次,若在首次满足回售条件而可转换公司债券持有人未在公司届时公告的回售申报期内申报并实施回售的,该计息年度不能再行使回售权,可转换公司债券持有人不能多次行使部分回售权."
113014.SH,林洋能源,林洋转债(退市),601222.SH,30,30,70,2021/10/27,2023/10/27,2021/11/2,"本次发行的可转换公司债券最后两个计息年度,如果公司股票在任何连续三十个交易日的收盘价格低于当期转股价格的70%时,可转换公司债券持有人有权将其持有的可转换公司债券全部或部分按债券面值加上当期应计利息的价格回售给公司.若在上述交易日内发生过转股价格因发生送股票股利,转增股本,增发新股(不包括因本次发行的可转换公司债券转股而增加的股本),配股以及派发现金股利等情况而调整的情形,则在调整前的交易日按调整前的转股价格和收盘价格计算,在调整后的交易日按调整后的转股价格和收盘价格计算.如果出现转股价格向下修正的情况,则上述三十个交易日须从转股价格调整之后的第一个交易日起重新计算.本次发行的可转换公司债券最后两个计息年度,可转换公司债券持有人在每年回售条件首次满足后可按上述约定条件行使回售权一次,若在首次满足回售条件而可转换公司债券持有人未在公司届时公告的回售申报期内申报并实施回售的,该计息年度不应再行使回售权,可转换公司债券持有人不能多次行使部分回售权."
113015.SH,隆基股份,隆基转债(退市),601012.SH,30,30,70,2021/11/2,2023/11/2,2021/11/2,（1）有条件回售条款本次发行的可转换公司债券最后两个计息年度，如果公司股票在任何连续三十个交易日的收盘价低于当期转股价格的70%时，可转换公司债券持有人有权将其持有的可转换公司债券全部或部分按债券面值加上当期应计利息的价格回售给公司。若在前述三十个交易日内发生过转股价格因发生送股票股利、转增股本、增发新股（不包括因本次发行的可转换公司债券转股而增加的股本）、配股以及派发现金股利等情况而调整的情形，则在调整前的交易日按调整前的转股价格和收盘价计算，在调整后的交易日按调整后的转股价格和收盘价计算。如果出现转股价格向下修正的情况，则上述三十个交易日须从转股价格调整之后的第一个交易日起重新计算。本次发行的可转换公司债券最后两个计息年度，可转换公司债券持有人在每年回售条件首次满足后可按上述约定条件行使回售权一次，若在首次满足回售条件而可转换公司债券持有人未在公司届时公告的回售申报期内申报并实施回售的，该计息年度不应再行使回售权，可转换公司债券持有人不能多次行使部分回售权。
113019.SH,玲珑轮胎,玲珑转债(退市),601966.SH,30,30,70,2021/3/1,2023/3/1,2021/11/2,（1）有条件回售条款在本次发行的可转债的最后两个计息年度，如果公司股票在任何连续30个交易日的收盘价格低于当期转股价格的70%时，可转债持有人有权将其持有的可转债全部或部分按面值加当期应计利息的价格回售给公司。若在上述交易日内发生过转股价格因发生送红股、转增股本、增发新股、配股或派发现金股利等情况（不包括因本次发行的可转债转股增加的股本）而调整的情形，则在调整前的交易日按调整前的转股价格和收盘价格计算，在调整后的交易日按调整后的转股价格和收盘价格计算。如果出现转股价格向下修正的情况，则上述“连续30个交易日”须从转股价格调整之后的第一个交易日起重新计算。在本次发行的可转债的最后两个计息年度，可转债持有人在每年回售条件首次满足后可按上述约定条件行使回售权一次，若在首次满足回售条件而可转债持有人未在公司届时公告的回售申报期内申报并实施回售的，该计息年度不能再行使回售权。可转债持有人不能多次行使部分回售权。
113510.SH,再升科技,再升转债(退市),603601.SH,30,30,80,2020/6/19,2024/6/19,2021/11/2,自本次可转债第三个计息年度起，如果公司股票在任何连续三十个交易日的收盘价格低于当期转股价格的80%，可转债持有人有权将全部或部分其持有的可转债按债券面值加上当期应计利息的价格回售给公司。若在上述交易日内发生过转股价格因发生送红股、转增股本、增发新股（不包括因本次发行的可转债转股而增加的股本）、配股以及派发现金股利等情况而调整的情形，则在调整前的交易日按调整前的转股价格和收盘价格计算，在调整后的交易日按调整后的转股价格和收盘价格计算。如果出现转股价格向下修正的情况，则上述连续三十个交易日须从转股价格调整之后的第一个交易日起重新计算。可转债持有人在每年回售条件首次满足后可按上述约定条件行使回售权一次，若在首次满足回售条件而可转债持有人未在公司届时公告的回售申报期内申报并实施回售的，该计息年度不应再行使回售权，可转债持有人不能多次行使回售权。
113514.SH,威帝股份,威帝转债(退市),603023.SH,30,30,70,2021/7/20,2023/7/20,2021/11/2,在本次发行的可转换公司债券最后两个计息年度内，如果公司股票在任何连续三十个交易日收盘价格低于当期转股价格的70%，可转换公司债券持有人有权将其持有的全部或部分可转换公司债券按面值加上当期应计利息的价格回售给公司。若在上述交易日内发生过转股价格因发生派送股票股利、转增股本、增发新股或配股、派发现金股利等情况（不包括因本次发行的可转换公司债券转股而增加股本的情形）而调整的情形，则在调整前的交易日按调整前的转股价格和收盘价格计算，在调整后的交易日按调整后的转股价格和收盘价格计算。如果出现转股价格向下修正的情况，则上述“连续三十个交易日”须从转股价格调整之后的第一个交易日起重新计算。在最后两个计息年度内，可转换公司债券持有人在每年回售条件首次满足后可按上述约定条件行使回售权一次；若首次满足回售条件而可转换公司债券持有人未在公司届时公告的回售申报期内申报并实施回售的，该计息年度不应再行使回售权，可转换公司债券持有人不能多次行使部分回售权。
123001.SZ,蓝色光标,蓝标转债(退市),300058.SZ,30,30,70,2019/12/18,2021/12/18,2021/11/2,在发行人本次发行的可转债最后两个计息年度，如果发行人股票在任何连续30个交易日的收盘价格低于当期转股价的70%时，可转债持有人有权将其持有的可转债全部或部分按面值加上当期应计利息的价格回售给发行人。若在上述交易日内发生过转股价格因发生送红股、转增股本、增发新股（不包括因本次发行的可转债转股而增加的股本）、配股以及派发现金股利等情况而调整的情形，则在调整前的交易日按调整前的转股价格和收盘价格计算，在调整后的交易日按调整后的转股价格和收盘价格计算。如果出现转股价格向下修正的情况，则上述“连续30个交易日”须从转股价格调整之后的第一个交易日起重新计算。最后两个计息年度，发行人本次发行的可转债持有人在每年回售条件首次满足后可按上述约定条件行使回售权一次，若在首次满足回售条件而可转债持有人未在发行人届时公告的回售申报期内申报并实施回售的，该计息年度不应再行使回售权。发行人本次发行的可转债持有人不能多次行使部分回售权。
128010.SZ,蔚蓝锂芯,蔚蓝转债(退市),002245.SZ,30,30,70,2020/1/22,2022/1/22,2021/11/2,"本次发行的可转债最后两个计息年度,如果公司股票在任何连续三十个交易日的收盘价格低于当期转股价格的70%时,可转债持有人有权将其持有的可转债全部或部分按债券面值加上当期应计利息的价格回售给公司.若在上述交易日内发生过转股价格因发生送股票股利,转增股本,增发新股(不包括因本次发行的可转债转股而增加的股本),配股以及派发现金股利等情况而调整的情形,则在调整前的交易日按调整前的转股价格和收盘价格计算,在调整后的交易日按调整后的转股价格和收盘价格计算.如果出现转股价格向下修正的情况,则上述三十个交易日须从转股价格调整之后的第一个交易日起重新计算.本次发行的可转债最后两个计息年度,可转债持有人在每年回售条件首次满足后可按上述约定条件行使回售权一次,若在首次满足回售条件而可转债持有人未在公司届时公告的回售申报期内申报并实施回售的,该计息年度不应再行使回售权,可转债持有人不能多次行使部分回售权."
128011.SZ,天汽模,汽模转债(退市),002510.SZ,30,30,70,2020/3/2,2022/3/2,2021/11/2,在公司本次发行的可转换公司债券最后两个计息年度，如果公司股票收盘价连续三十个交易日低于当期转股价格的70%时，可转换公司债券持有人有权将其持有的可转换公司债券全部或部分按面值加上当期应计利息的价格回售给公司。若在上述交易日内发生过转股价格因发生派送股票股利、转增股本、增发新股（不包括因本次发行的可转债转股而增加的股本）、配股以及派发现金股利等情况而调整的情形，则在调整前的交易日按调整前的转股价格和收盘价格计算，在调整后的交易日按调整后的转股价格和收盘价格计算。如果出现转股价格向下修正的情况，则上述三十个交易日须从转股价格调整之后的第一个交易日起重新计算。
128012.SZ,ST辉丰,辉丰转债(退市),002496.SZ,30,30,70,2020/4/21,2022/4/21,2021/11/2,"本次发行的可转债最后两个计息年度,如果公司股票在任何连续三十个交易日的收盘价格低于当期转股价格的70%时,可转债持有人有权将其持有的可转债全部或部分按债券面值的103%(含当期利息)的价格回售给公司.若在上述交易日内发生过转股价格因发生派送股票股利,转增股本,增发新股(不包括因本次发行的可转债转股而增加的股本),配股以及派发现金股利等情况而调整的情形,则在调整前的交易日按调整前的转股价格和收盘价格计算,在调整后的交易日按调整后的转股价格和收盘价格计算.如果出现转股价格向下修正的情况,则上述三十个交易日须从转股价格调整之后的第一个交易日起重新计算."
128016.SZ,东方雨虹,雨虹转债(退市),002271.SZ,30,30,70,2021/9/25,2023/9/25,2021/11/2,（1）有条件回售条款:在本次发行的可转换公司债券最后两个计息年度，如果公司股票在任何连续三十个交易日的收盘价格低于当期转股价格的70%时，可转换公司债券持有人有权将其持有的可转换公司债券全部或部分按面值加上当期应计利息的价格回售给公司。若在上述交易日内发生过转股价格因发生送红股、转增股本、增发新股（不包括因本次发行的可转换公司债券转股而增加的股本）、配股以及派发现金股利等情况而调整的情形，则在调整前的交易日按调整前的转股价格和收盘价格计算，在调整后的交易日按调整后的转股价格和收盘价格计算。如果出现转股价格向下修正的情况，则上述“连续三十个交易日”须从转股价格调整之后的第一个交易日起重新计算。最后两个计息年度可转换公司债券持有人在每年回售条件首次满足后可按上述约定条件行使回售权一次.（2）附加回售条款:若公司本次发行的可转换公司债券募集资金投资项目的实施情况与公司在募集说明书中的承诺情况相比出现重大变化，且该变化被中国证监会认定为改变募集资金用途的，可转换公司债券持有人享有一次回售的权利。持有人在附加回售条件满足后而未实施回售的，不再行使附加回售权。
110033.SH,厦门国贸,国贸转债(退市),600755.SH,30,30,70,2020/1/5,2022/1/5,2021/11/2,"本次发行的可转债最后两个计息年度,如果公司A股股票在任何连续30个交易日的收盘价格低于当期转股价格的70%时,可转债持有人有权将其持有的可转债全部或部分按债券面值加上当期应计利息的价格回售给公司.若在上述交易日内发生过转股价格因发生派送红股,转增股本,增发新股(不包括因本次发行的可转债转股而增加的股本),配股以及派发现金股利等情况而调整的情形,则在调整前的交易日按调整前的转股价格和收盘价格计算,在调整后的交易日按调整后的转股价格和收盘价格计算.如果出现转股价格向下修正的情况,则上述30个交易日须从转股价格调整之后的第一个交易日起重新计算.本次发行的可转债最后两个计息年度,可转债持有人在每年回售条件首次满足后可按上述约定条件行使回售权一次,若在首次满足回售条件而可转债持有人未在公司届时公告的回售申报期内申报并实施回售的,该计息年度不应再行使回售权,可转债持有人不能多次行使部分回售权."
110034.SH,九州通,九州转债,600998.SH,30,30,70,2020/1/15,2022/1/15,2021/11/2,在本可转债最后两个计息年度，如果公司股票收盘价任意连续30个交易日低于当期转股价格的70%时，可转债持有人有权将其持有的可转债全部或部分按债券面值的103%（含当期应计利息）回售给本公司。若在上述交易日内发生过转股价格调整的情形，则在调整前的交易日按调整前的转股价格和收盘价格计算，在调整后的交易日按调整后的转股价格和收盘价格计算。在本可转债最后两个计息年度，可转债持有人在每年回售条件首次满足后可按上述约定条件行使回售权一次，若在首次满足回售条件而可转债持有人未在公司届时公告的回售申报期内申报并实施回售的，该计息年度不应再行使回售权
110038.SH,济川药业,济川转债,600566.SH,30,30,50,2020/11/13,2022/11/13,2021/11/2,①有条件回售条款在本次发行的可转债最后两个计息年度，如果公司股票在任何连续三十个交易日的收盘价格低于当期转股价的50%时，可转债持有人有权将其持有的可转债全部或部分按面值加上当期应计利息的价格回售给公司。若在上述交易日内发生过转股价格因发生送红股、转增股本、增发新股（不包括因本次发行的可转债转股而增加的股本）、配股以及派发现金股利等情况而调整的情形，则在调整前的交易日按调整前的转股价格和收盘价格计算，在调整后的交易日按调整后的转股价格和收盘价格计算。如果出现转股价格向下修正的情况，则上述“连续三十个交易日”须从转股价格调整之后的第一个交易日起重新计算（当期应计利息的计算方式参见赎回条款的相关内容）。最后两个计息年度可转债持有人在每年回售条件首次满足后可按上述约定条件行使回售权一次，若在首次满足回售条件而可转债持有人未在公司届时公告的回售申报期内申报并实施回售的，该计息年度不能再行使回售权，可转债持有人不能多次行使部分回售权。
113009.SH,广汽集团,广汽转债,601238.SH,30,30,70,2020/1/22,2022/1/22,2021/11/2,在本次A股可转债最后两个计息年度，如公司股票在任何连续三十个交易日的收盘价格低于当期转股价的70%时，A股可转债持有人有权将其持有的A股可转债全部或部分按债券面值加上当期应计利息的价格回售给公司。若在上述交易日内发生过转股价格因发生送红股、转增股本、增发新股（不包括因本次发行的A股可转债转股而增加的股本）、配股以及派发现金股利等情况而调整的情形，则在调整前的交易日按调整前的转股价格和收盘价格计算，在调整后的交易日按调整后的转股价格和收盘价格计算。如果出现转股价格向下修正的情况，则上述“连续三十个交易日”须从转股价格调整之后的第一个交易日起重新计算。最后两个计息年度A股可转债持有人在每年回售条件首次满足后可按上述约定条件行使回售权一次，若在首次满足回售条件而A股可转债持有人未在公司届时公告的回售申报期内申报并实施回售的，该计息年度不应再行使回售权。A股可转债持有人不能多次行使部分回售权。
123014.SZ,凯发电气,凯发转债,300407.SZ,30,30,70,2021/7/27,2023/7/27,2021/11/2,在本次发行的可转换公司债券最后两个计息年度，如果公司股票在任何连续三十个交易日的收盘价格低于当期转股价的70%时，可转换公司债券持有人有权将其持有的可转换公司债券全部或部分按面值加上当期应计利息的价格回售给公司。若在上述交易日内发生过转股价格因发生送红股、转增股本、增发新股（不包括因本次发行的可转换公司债券转股而增加的股本）、配股以及派发现金股利等情况而调整的情形，则在调整前的交易日按调整前的转股价格和收盘价格计算，在调整后的交易日按调整后的转股价格和收盘价格计算。如果出现转股价格向下修正的情况，则上述“连续三十个交易日”须从转股价格调整之后的第一个交易日起重新计算。最后两个计息年度可转换公司债券持有人在每年回售条件首次满足后可按上述约定条件行使回售权一次，若在首次满足回售条件而可转换公司债券持有人未在公司届时公告的回售申报期内申报并实施回售的，该计息年度不能再行使回售权，可转换公司债券持有人不能多次行使部分回售权。
124017.SZ,TCL科技,TCL定转2,000100.SZ,30,30,70,2021/5/31,2022/11/29,2021/11/2,"在本次非公开发行的可转换公司债券锁定期结束后,如公司股票连续30个交易日的收盘价格均低于当期转股价格的70%,则可转换公司债券持有人有权行使提前回售权,将其持有的可转换公司债券的全部或部分以面值加当期应计利息的金额回售给公司.若在上述交易日内发生过转股价格因发生派送股票股利,公积金转增股本,增发新股(不包括因本次非公开发行的可转换公司债券转股而增加的股本),配股以及派发现金股利等情况而调整的情形,则在调整前的交易日按调整前的转股价格和收盘价格计算,在调整后的交易日按调整后的转股价格和收盘价格计算.如果出现转股价格向下修正的情况,则上述“连续30个交易日”须从转股价格调整之后的第一个交易日起重新计算.可转换公司债券持有人在每年回售条件首次满足后可按上述约定条件行使回售权一次,若在首次满足回售条件而可转换公司债券持有人未在公司届时公告的回售申报期内申报并实施回售的,该计息年度不能再行使回售权."
127003.SZ,海印股份,海印转债,000861.SZ,30,30,70,2020/6/8,2022/6/8,2021/11/2,在本可转债最后2个计息年度，如果公司股票在最后两个计息年度任何连续30个交易日的收盘价格低于当期转股价格的70%时，可转债持有人有权将其持有的可转债全部或部分按债券面值加当期应计利息的价格回售给发行人。若在上述交易日内发生过转股价格调整的情形，则在调整前的交易日按调整前的转股价格和收盘价格计算，在调整后的交易日按调整后的转股价格和收盘价格计算。任一计息年度可转债持有人在回售条件首次满足后可以进行回售，但若首次不实施回售的，则该计息年度不应再行使回售权。
127004.SZ,模塑科技,模塑转债,000700.SZ,30,30,70,2021/6/2,2023/6/2,2021/11/2,1、有条件回售条款：本次发行的可转债最后两个计息年度，如果公司股票在任何连续三十个交易日的收盘价格低于当期转股价格的70%时，可转债持有人有权将其持有的可转债全部或部分按债券面值加上当期应计利息的价格回售给公司。2、附加回售条款：若公司本次发行的可转债募集资金投资项目的实施情况与公司在募集说明书中的承诺情况相比出现重大变化，根据中国证监会的相关规定被视作改变募集资金用途或被中国证监会认定为改变募集资金用途的，可转债持有人享有一次回售的权利。可转债持有人有权将其持有的可转债全部或部分按债券面值加当期应计利息的价格回售给公司。持有人在附加回售条件满足后，可以在公司公告后的附加回售申报期内进行回售，本次附加回售申报期内不实施回售的，不应再行使附加回售权。
128013.SZ,洪涛股份,洪涛转债,002325.SZ,30,30,70,2020/7/29,2022/7/29,2021/11/2,（1）有条件回售条款在本次发行的可转换公司债券最后两个计息年度，如果公司股票在任何连续三十个交易日的收盘价格低于当期转股价的70%时，可转换公司债券持有人有权将其持有的可转换公司债券全部或部分按面值加上当期应计利息的价格回售给公司。若在上述交易日内发生过转股价格因发生送红股、转增股本、增发新股（不包括因本次发行的可转换公司债券转股而增加的股本）、配股以及派发现金股利等情况而调整的情形，则在调整前的交易日按调整前的转股价格和收盘价格计算，在调整后的交易日按调整后的转股价格和收盘价格计算。如果出现转股价格向下修正的情况，则上述“连续三十个交易日”须从转股价格调整之后的第一个交易日起重新计算。最后两个计息年度可转换公司债券持有人在每年回售条件首次满足后可按上述约定条件行使回售权一次，若在首次满足回售条件而可转换公司债券持有人未在公司届时公告的回售申报期内申报并实施回售的，该计息年度不能再行使回售权，可转换公司债券持有人不能多次行使部分回售权。
128014.SZ,永东股份,永东转债,002753.SZ,30,30,70,2021/4/17,2023/4/17,2021/11/2,（1）有条件回售条款本次发行的可转债最后两个计息年度，如果公司股票在任何连续三十个交易日的收盘价格低于当期转股价格的70%时，可转债持有人有权将其持有的可转债全部或部分按债券面值加上当期应计利息的价格回售给公司。若在上述交易日内发生过转股价格因发生送股票股利、转增股本、增发新股（不包括因本次发行的可转债转股而增加的股本）、配股以及派发现金股利等情况而调整的情形，则在调整前的交易日按调整前的转股价格和收盘价格计算，在调整后的交易日按调整后的转股价格和收盘价格计算。如果出现转股价格向下修正的情况，则上述三十个交易日须从转股价格调整之后的第一个交易日起重新计算。本次发行的可转债最后两个计息年度，可转债持有人在每年回售条件首次满足后可按上述约定条件行使回售权一次，若在首次满足回售条件而可转债持有人未在公司届时公告的回售申报期内申报并实施回售的，该计息年度不应再行使回售权，可转债持有人不能多次行使部分回售权。
128015.SZ,久其软件,久其转债,002279.SZ,30,30,70,2021/6/8,2023/6/8,2021/11/2,在本次发行的可转换公司债券最后两个计息年度，如果公司股票在任何连续三十个交易日的收盘价格低于当期转股价的70%时，可转换公司债券持有人有权将其持有的可转换公司债券全部或部分按面值加上当期应计利息的价格回售给公司。若在上述交易日内发生过转股价格因发生送红股、转增股本、增发新股（不包括因本次发行的可转换公司债券转股而增加的股本）、配股以及派发现金股利等情况而调整的情形，则在调整前的交易日按调整前的转股价格和收盘价格计算，在调整后的交易日按调整后的转股价格和收盘价格计算。如果出现转股价格向下修正的情况，则上述“连续三十个交易日”须从转股价格调整之后的第一个交易日起重新计算。最后两个计息年度可转换公司债券持有人在每年回售条件首次满足后可按上述约定条件行使回售权一次，若在首次满足回售条件而可转换公司债券持有人未在公司届时公告的回售申报期内申报并实施回售的，该计息年度不能再行使回售权，可转换公司债券持有人不能多次行使部分回售权。
128017.SZ,金禾实业,金禾转债,002597.SZ,30,30,70,2021/11/1,2023/11/1,2021/11/2,自本次可转债第五个计息年度起，如果公司股票在任何连续三十个交易日的收盘价格低于当期转股价格的70%，可转债持有人有权将其持有的可转债全部或部分按债券面值加当期应计利息回售给公司。若在上述交易日内发生过转股价格因发生送红股、转增股本、增发新股（不包括因本次发行的可转债转股而增加的股本）、配股以及派发现金股利等情况而调整的情形，则在调整前的交易日按调整前的转股价格和收盘价格计算，在调整后的交易日按调整后的转股价格和收盘价格计算。如果出现转股价格向下修正的情况，则上述连续三十个交易日须从转股价格调整之后的第一个交易日起重新计算。自本次可转债第五个计息年度起，可转债持有人在每年回售条件首次满足后可按上述约定条件行使回售权一次，若在首次满足回售条件而可转债持有人未在公司届时公告的回售申报期内申报并实施回售的，该计息年度不应再行使回售权，可转债持有人不能多次行使部分回售权。
128029.SZ,太阳纸业,太阳转债,002078.SZ,30,30,70,2020/12/22,2022/12/22,2021/11/2,（1）有条件回售条款在本次发行的可转换公司债券最后两个计息年度，如果公司股票在任何连续30个交易日的收盘价格低于当期转股价的70%时，可转换公司债券持有人有权将其持有的可转换公司债券全部或部分按面值加上当期应计利息的价格回售给公司。若在上述交易日内发生过转股价格因发生送红股、转增股本、增发新股（不包括因本次发行的可转换公司债券转股而增加的股本）、配股以及派发现金股利等情况而调整的情形，则在调整前的交易日按调整前的转股价格和收盘价格计算，在调整后的交易日按调整后的转股价格和收盘价格计算。如果出现转股价格向下修正的情况，则上述“连续30个交易日”须从转股价格调整之后的第一个交易日起重新计算。最后两个计息年度可转换公司债券持有人在每年回售条件首次满足后可按上述约定条件行使回售权一次，若在首次满足回售条件而可转换公司债券持有人未在公司届时公告的回售申报期内申报并实施回售的，该计息年度不能再行使回售权，可转换公司债券持有人不能多次行使部分回售权。
